"","achievement_count","athlete_count","average_cadence","average_heartrate","average_speed","average_temp","comment_count","distance","elapsed_time","elev_high","elev_low","id","kudos_count","max_heartrate","max_speed","moving_time","name","pr_count","sport_type","start_date","suffer_score","total_elevation_gain"
"1",0,1,"80.3","169.6",9.828,"27",0,8.4157,3121,281.6,246,7485234873,8,"184",13.6116,3083,"Trailfest round 2","0","Run","2022-07-16T20:12:27Z","92",67
"2",0,3,"81.4","167.8",8.7732,"24",0,16.5472,7391,322.8,259.2,7479144678,10,"189",17.4816,6790,"Trailfest Leg 1","0","Run","2022-07-16T13:58:34Z","193",303
"3",0,1,NA,NA,0,NA,0,0,7200,NA,NA,7465531694,0,NA,0,7200,"Evening Activity","0","RockClimbing","2022-07-14T00:00:00Z",NA,0
"4",7,4,"81.4","148.5",7.9488,"23",0,5.1462,2505,357.4,332.2,7461832385,7,"189",15.768,2331,"Morning Run","1","Run","2022-07-13T11:33:35Z","19",166
"5",0,1,NA,"75.3",0,"30",0,0,1223,NA,NA,7459452220,1,"106",0,1223,"Evening Yoga","0","Yoga","2022-07-12T23:12:10Z","1",0
"6",0,1,NA,"114.4",19.7136,"30",0,8.4548,4551,352.6,334.6,7458764561,4,"136",42.3828,1544,"Afternoon Ride","0","Ride","2022-07-12T18:28:11Z","4",46
"7",0,1,NA,"100.2",0,"26",0,0,2081,366.6,356.8,7456841725,3,"122",0,2081,"Back to lifting ","0","Workout","2022-07-12T13:56:34Z","4",0
"8",0,1,NA,"108.8",0,"27",0,0,3697,367.2,364.6,7454262490,1,"143",0,3697,"Tennis","0","Workout","2022-07-12T00:56:02Z","9",0
"9",3,1,NA,"130.2",20.1384,"31",0,11.8139,2759,374,350.2,7453483735,4,"157",41.4432,2112,"Afternoon Ride","0","Ride","2022-07-11T21:07:21Z","11",25
"10",0,1,NA,"136.9",20.3076,"24",0,10.1598,2050,364.8,346.8,7451231492,3,"170",30.7872,1801,"Morning Ride","0","Ride","2022-07-11T13:28:23Z","11",35
"11",0,1,NA,"119.4",19.6524,"23",0,8.1501,2156,342,326.8,7449033343,3,"140",25.7328,1493,"Quick stop to watch the sunset ","0","Ride","2022-07-11T01:01:16Z","4",24
"12",0,1,NA,NA,0,NA,0,0,7200,NA,NA,7449009593,0,NA,0,7200,"MWC","0","RockClimbing","2022-07-10T23:00:00Z",NA,0
"13",0,1,NA,"122",19.71,"26",0,7.4295,1357,325,309.4,7448681607,0,"151",27.6732,1357,"Afternoon Ride","0","Ride","2022-07-10T22:28:19Z","4",13
"14",0,1,NA,"91.4",0,"30",1,0,3845,252.4,238.6,7442572510,4,"141",0,3845,"First time playing pickleball!","0","Workout","2022-07-09T19:53:36Z","7",0
"15",2,3,"81.3","171.7",8.7372,"24",2,17.1569,7903,491,337.2,7441599099,11,"202",19.08,7069,"MSRC trail run!","0","Run","2022-07-09T14:06:54Z","241",438
"16",0,1,NA,NA,0,NA,0,0,7200,NA,NA,7437914706,1,NA,0,7200,"Evening Activity","0","RockClimbing","2022-07-09T00:45:00Z",NA,0
"17",2,1,NA,"127.7",17.91,"27",0,5.4579,1097,282,269.2,7433040549,2,"158",31.4424,1097,"Evening Ride","2","Ride","2022-07-08T01:29:03Z","5",22
"18",1,10,"80.9","153.3",9.8748,"30",0,6.5182,2498,281.6,270,7432704699,6,"174",13.0176,2376,"MSRC brewery run","0","Run","2022-07-07T23:02:41Z","31",19
"19",3,1,NA,"127.7",19.7676,"30",0,5.3701,999,285.2,272.6,7432439871,1,"159",33.1416,978,"Afternoon Ride","1","Ride","2022-07-07T22:08:15Z","4",23
"20",0,1,NA,"99.3",0,"27",0,0,2758,261.2,258.2,7427583208,1,"130",0,2758,"Tennis","0","Workout","2022-07-06T23:33:41Z","6",0
"21",12,1,"86.1","152.5",10.1808,"24",0,9.2529,4565,300.6,266.2,7424275319,6,"184",24.7608,3272,"NP","4","Run","2022-07-06T11:16:37Z","39",190
"22",0,1,NA,"71.6",0,"30",0,0,2203,NA,NA,7421919336,1,"104",0,2203,"Evening Yoga","0","Yoga","2022-07-05T23:04:31Z","2",0
"23",0,1,"60.6","92.7",5.6016,"28",0,3.2256,2242,297,274.2,7416376993,5,"110",29.8404,2073,"State Street stroll ","0","Walk","2022-07-04T22:12:35Z","3",33
"24",0,1,"31.4","89.8",4.554,"29",0,5.1394,4171,258.9,258,7414208509,4,"113",7.2,4062,"Yak time","0","Kayaking","2022-07-04T14:32:52Z","7",0
"25",4,3,"84.1","146.1",8.5536,"23",0,6.1043,3207,295.8,264,7413563693,7,"182",16.83,2569,"First November Project","1","Run","2022-07-04T11:17:47Z","16",102
"26",0,1,NA,NA,0,NA,0,0,14400,NA,NA,7411263068,5,NA,0,14400,"Dodge again","0","RockClimbing","2022-07-03T16:30:00Z",NA,0
"27",22,1,NA,"143.7",23.238,"29",4,35.1953,5573,269.2,245,7404502342,10,"187",39.906,5452,"Beautiful birthday bike ride","14","Ride","2022-07-02T16:54:46Z","52",47
"28",0,1,NA,NA,0,NA,0,0,10800,NA,NA,7404585118,4,NA,0,10800,"Gov Dodge","0","RockClimbing","2022-07-01T14:30:00Z",NA,0
"29",0,1,NA,"121.4",17.442,"31",0,6.7642,6568,286,273.2,7390284654,2,"141",22.0392,1396,"Afternoon Ride","0","Ride","2022-06-29T21:49:35Z","4",6
"30",1,1,NA,"122.1",20.0088,"25",0,9.3538,2584,301.6,275.8,7387487160,3,"151",31.5648,1683,"Morning Ride","0","Ride","2022-06-29T13:00:43Z","5",57
"31",0,1,NA,"72",0,"33",0,0,3329,NA,NA,7387242176,2,"105",0,3329,"Evening Yoga","0","Yoga","2022-06-28T23:03:54Z","3",0
"32",0,1,NA,"117.8",18.1764,"30",0,6.8012,3341,306.6,300.2,7384633111,2,"140",27.4608,1347,"Afternoon Ride","0","Ride","2022-06-28T21:47:22Z","4",8
"33",1,1,NA,"127.3",19.8036,"29",0,10.6992,12956,316.6,277.2,7384116943,2,"178",35.0568,1945,"Lunch Ride","0","Ride","2022-06-28T16:39:52Z","8",52
"34",0,1,NA,"98.4",0,"25",0,0,2396,286.2,283.2,7379486556,3,"130",0,2396,"Tennis","0","Workout","2022-06-28T00:24:55Z","5",0
"35",1,1,NA,"131.9",20.178,"28",0,6.7199,4769,280,269.6,7379218443,1,"155",27.2808,1199,"Afternoon Ride","0","Ride","2022-06-27T22:24:59Z","5",16
"36",0,1,"84.1","167.3",11.6172,"25",1,7.7488,2431,228.2,214.6,7377247830,6,"195",19.7028,2401,"Back at it","0","Run","2022-06-27T15:33:40Z","65",31
"37",6,1,NA,"120.7",20.952,"22",0,9.2893,2719,248.8,217.8,7377247709,1,"138",32.8428,1596,"Morning Ride","0","Ride","2022-06-27T13:06:13Z","5",68
"38",0,1,NA,NA,0,NA,0,0,7200,NA,NA,7384399778,2,NA,0,7200,"Lunch Activity","0","RockClimbing","2022-06-25T16:30:00Z",NA,0
"39",0,1,NA,NA,0,NA,0,0,12600,NA,NA,7362970479,3,NA,0,12600,"Dodge","0","RockClimbing","2022-06-24T14:00:00Z",NA,0
"40",0,1,NA,"120.9",17.6544,"28",0,9.6713,5363,258.2,240.6,7356689146,4,"145",31.6116,1972,"Morning Ride","0","Ride","2022-06-23T15:14:13Z","6",51
"41",3,1,NA,"119.6",19.7532,"28",0,10.1733,3175,266.4,243.4,7351074205,4,"153",33.6816,1854,"Morning Ride","1","Ride","2022-06-22T15:05:18Z","5",47
"42",3,1,NA,"136.1",19.674,"28",0,9.3117,2879,310.2,286.8,7344805689,2,"170",33.228,1704,"Morning Ride","2","Ride","2022-06-21T13:01:34Z","9",49
"43",2,1,NA,"120.3",19.2276,"32",1,16.8136,6902,296.6,270.6,7341943918,6,"140",30.5928,3148,"In search of acupuncture and cats","0","Ride","2022-06-20T21:06:42Z","10",42
"44",1,55,"85.9","175.6",10.9296,"21",6,42.6465,14124,217,162.8,7330252491,19,"198",19.3752,14048,"Grandma’s Marathon","1","Run","2022-06-18T12:46:59Z","534",228
"45",0,1,"86.7","160",10.6668,"24",0,3.2505,1131,384.6,373.2,7318281182,2,"175",18.0828,1097,"Morning Run","0","Run","2022-06-16T12:39:48Z","24",14
"46",0,1,"86.1","137.9",10.8,"26",0,1.8181,610,382,371.8,7318278799,1,"150",13.41,606,"Morning Run","0","Run","2022-06-16T12:29:21Z","2",9
"47",2,1,"85","155.2",11.3724,"25",0,6.5811,2157,393.6,380.6,7306976545,5,"182",16.4628,2083,"Morning Run","1","Run","2022-06-14T12:16:03Z","33",19
"48",0,1,NA,NA,0,NA,0,0,7200,NA,NA,7299981447,2,NA,0,7200,"Evening Activity","0","RockClimbing","2022-06-12T23:00:00Z",NA,0
"49",9,1,"86.3","168.9",11.286,"22",1,19.8019,6436,390,358,7297855135,10,"189",15.75,6317,"One week until race day!","1","Run","2022-06-12T14:24:58Z","185",96
"50",0,1,NA,NA,0,NA,0,0,7200,NA,NA,7288409356,2,NA,0,7200,"Evening Activity","0","RockClimbing","2022-06-10T23:00:00Z",NA,0
"51",0,1,NA,"72.7",0,"28",0,0,3564,337.4,337.4,7283066285,1,"114",0,3564,"Afternoon Workout","0","Workout","2022-06-09T19:01:09Z","4",0
"52",1,1,"86.4","155.2",11.6352,"21",0,8.8805,2829,350.4,337,7280243017,4,"174",15.7536,2748,"Tempo ","1","Run","2022-06-09T12:27:19Z","44",33
"53",0,1,"85.7","157.8",11.2644,"20",0,7.2782,2404,359.6,345.4,7269535571,3,"174",17.8272,2326,"Morning Run","0","Run","2022-06-07T12:18:49Z","42",26
"54",0,1,NA,NA,0,NA,0,0,7200,NA,NA,7261455857,2,NA,0,7200,"Afternoon Activity","0","RockClimbing","2022-06-05T18:50:00Z",NA,0
"55",6,1,"86.4","166.4",11.1096,"20",0,22.4379,7309,309.4,288,7253781727,6,"183",18.828,7270,"Morning Run","2","Run","2022-06-04T12:19:43Z","198",108
"56",0,1,NA,"63.6",0,"26",0,0,1503,NA,NA,7250459251,0,"90",0,1503,"Afternoon Activity","0","Yoga","2022-06-03T22:55:33Z","1",0
"57",1,1,NA,"112.8",18.6588,"26",0,12.3262,11416,324,298,7250203568,0,"148",37.2672,2378,"Afternoon Ride","0","Ride","2022-06-03T18:22:19Z","6",70
"58",0,1,"27.7","87.4",4.1724,"29",1,6.8819,6106,257.5,256.9,7244990794,10,"139",9.504,5940,"Finally breaking out the yak","0","Kayaking","2022-06-02T18:21:41Z","9",0
"59",0,1,NA,"74.7",0,"28",0,0,1896,NA,NA,7243944821,0,"103",0,1896,"Lunch Activity","0","Yoga","2022-06-02T16:24:02Z","2",0
"60",12,1,"86.9","169.5",11.502,"24",0,12.7942,4066,201.2,170.8,7243505627,4,"192",23.3496,4004,"Morning Run","0","Run","2022-06-02T14:26:14Z","122",92
"61",0,1,NA,NA,0,NA,0,0,14400,NA,NA,7240672407,2,NA,0,14400,"Another top rope day ","0","RockClimbing","2022-06-01T14:30:19Z",NA,0
"62",0,1,NA,"67.5",0,"30",0,0,3065,NA,NA,7234779786,1,"96",0,3065,"Evening Activity","0","Yoga","2022-05-31T23:04:06Z","3",0
"63",0,1,NA,"77.4",0,"27",0,0,3727,246.2,228.2,7232538541,0,"112",0,3727,"Morning Activity","0","Workout","2022-05-31T15:00:07Z","4",0
"64",1,1,"84.4","162.1",10.8576,"25",0,12.9462,4479,277.4,243.4,7231947978,6,"183",26.1936,4293,"Morning Run","0","Run","2022-05-31T12:37:59Z","100",74
"65",1,1,NA,"127.3",19.5948,"30",0,12.7796,3493,298,274,7229559750,3,"148",29.4192,2348,"Evening Ride","1","Ride","2022-05-30T23:35:48Z","8",92
"66",0,1,NA,NA,0,NA,0,0,14400,NA,NA,7232935363,2,NA,0,14400,"Memorial Day bouldering","0","RockClimbing","2022-05-30T14:00:00Z",NA,0
"67",1,1,"84.4","171.1",10.6884,"23",2,32.5008,10963,411,385.8,7222281591,8,"194",22.1256,10948,"Morning Run","0","Run","2022-05-29T11:57:41Z","358",171
"68",0,1,NA,NA,0,NA,0,0,5400,NA,NA,7232930128,0,NA,0,5400,"Afternoon Activity","0","RockClimbing","2022-05-28T22:00:00Z",NA,0
"69",0,1,NA,"70.9",0,"26",0,0,2924,335.6,332,7213306417,0,"97",0,2924,"Evening Activity","0","Workout","2022-05-27T23:09:02Z","3",0
"70",0,1,NA,"117.4",20.0808,"25",0,9.3927,1766,353.2,327,7213060696,2,"135",29.6424,1684,"To Summit","0","Ride","2022-05-27T21:56:40Z","5",54
"71",0,1,NA,"61.5",0,"27",0,0,2410,NA,NA,7211829250,0,"88",0,2410,"Lunch Activity","0","Yoga","2022-05-27T16:02:25Z","2",0
"72",5,1,"85.2","156.2",11.2212,"22",0,13.2566,4325,327.4,303.4,7206133072,4,"172",16.4052,4253,"Morning Run","2","Run","2022-05-26T13:23:04Z","71",85
"73",0,1,NA,NA,0,NA,0,0,7200,NA,NA,7232928129,0,NA,0,7200,"Evening Activity","0","RockClimbing","2022-05-26T00:00:00Z",NA,0
"74",0,1,NA,"69.2",0,"24",0,0,3274,290.2,290.2,7201439183,1,"105",0,3274,"Lunch Activity","0","Workout","2022-05-25T16:32:06Z","3",0
"75",5,1,"85.9","157.3",11.358,"20",0,23.956,7691,249.6,204,7190749794,7,"175",19.62,7594,"Morning Run","1","Run","2022-05-23T14:53:14Z","146",148
"76",0,1,"22.2","92.5",2.6028,"33",0,0.8081,1236,363.5,363.2,7180812664,2,"108",4.4352,1118,"Windy paddle","0","StandUpPaddling","2022-05-21T19:10:23Z","2",0
"77",0,1,"51.9","89.9",3.5496,"28",0,1.8508,2503,368.8,351,7175695794,3,"109",5.76,1877,"Puppy walkin","0","Walk","2022-05-20T21:20:22Z","3",16
"78",1,1,"85.3","161.5",11.3076,"23",0,12.437,4109,385,298,7173747032,6,"186",17.2944,3959,"Yasso 800s","0","Run","2022-05-20T12:24:50Z","84",120
"79",0,1,NA,"107.2",0,"20",0,0,1968,330,321.8,7166348042,3,"139",0,1968,"Tennis!","0","Workout","2022-05-18T23:49:44Z","4",0
"80",0,1,NA,"62.9",0,"27",0,0,1071,NA,NA,7163558879,0,"90",0,1071,"Morning Activity","0","Yoga","2022-05-18T14:51:46Z","0",0
"81",0,1,NA,NA,0,NA,0,0,4500,NA,NA,7160056231,0,NA,0,4500,"Lunch Activity","0","Workout","2022-05-17T16:00:00Z",NA,0
"82",0,1,"84.7","162",11.0592,"22",0,11.7425,3918,291.6,246.2,7157736267,5,"202",23.8968,3823,"Morning Run","0","Run","2022-05-17T13:48:33Z","87",58
"83",0,1,NA,NA,0,NA,0,0,21600,NA,NA,7163436144,1,NA,0,21600,"Driftless Double Feature","0","RockClimbing","2022-05-16T15:00:00Z",NA,0
"84",0,1,NA,NA,0,NA,1,0,14400,NA,NA,7163431868,3,NA,0,14400,"Horse Rampart at the lake","0","RockClimbing","2022-05-14T15:00:00Z",NA,0
"85",0,1,NA,NA,0,NA,0,0,7200,NA,NA,7163426957,0,NA,0,7200,"Lunch Activity","0","RockClimbing","2022-05-13T17:30:00Z",NA,0
"86",0,1,NA,"80.3",0,"29",0,0,1894,NA,NA,7136143356,1,"111",0,1894,"Morning Activity","0","Yoga","2022-05-13T15:32:08Z","2",0
"87",0,1,NA,"121.6",18.81,"30",0,8.4958,6909,296.2,284.4,7133357249,4,"146",26.1648,1626,"Pit stop for a dip in the Yahara","0","Ride","2022-05-12T23:19:52Z","5",20
"88",0,1,NA,"81.2",0,"29",0,0,3673,286.8,283.8,7132967493,0,"125",0,3673,"Afternoon Activity","0","Workout","2022-05-12T22:06:27Z","5",0
"89",0,1,NA,"116.2",20.2104,"32",0,7.7748,1435,289.2,282.8,7132775945,1,"142",26.9676,1385,"Afternoon Ride","0","Ride","2022-05-12T21:35:20Z","4",6
"90",0,1,NA,"63.9",0,"29",0,0,2000,NA,NA,7132066343,0,"95",0,2000,"Afternoon Activity","0","Yoga","2022-05-12T18:19:13Z","1",0
"91",0,1,"82.7","160.6",10.3464,"29",0,8.9123,3103,274.4,262.8,7130569060,6,"185",15.8184,3101,"A sad attempt at tempo intervals","0","Run","2022-05-12T13:36:18Z","65",25
"92",0,1,NA,"72",0,"28",0,0,3921,NA,NA,7127866317,0,"95",0,3921,"Evening Activity","0","Yoga","2022-05-11T23:24:11Z","4",0
"93",1,1,NA,"119.8",19.7712,"30",0,7.8916,1437,590.4,584.2,7125311655,1,"135",26.3052,1437,"Morning Ride","0","Ride","2022-05-11T15:20:34Z","4",7
"94",0,1,NA,NA,0,NA,0,0,4500,NA,NA,7125392601,0,NA,0,4500,"Morning Activity","0","RockClimbing","2022-05-11T14:15:00Z",NA,0
"95",0,1,NA,"116.1",20.3148,"28",0,8.0074,1530,597.4,585.6,7125311579,1,"133",28.188,1419,"Morning Ride","0","Ride","2022-05-11T13:55:45Z","4",16
"96",0,1,NA,"85",0,"29",0,0,2576,605.4,599.8,7121486886,0,"109",0,2576,"Afternoon Activity","0","Workout","2022-05-10T19:53:46Z","4",0
"97",0,1,"84.6","167.4",10.8612,"28",0,8.9665,3012,618.4,605.2,7119188761,4,"186",13.8456,2972,"Morning Run","0","Run","2022-05-10T13:45:16Z","83",27
"98",0,1,NA,NA,0,NA,0,0,18000,NA,NA,7119273113,6,NA,0,18000,"First Devil’s Lake top rope of the season","0","RockClimbing","2022-05-09T15:00:00Z",NA,0
"99",5,1,"85","158",11.1024,"18",1,25.8244,8509,542.4,520.2,7109968114,6,"180",21.492,8374,"Morning Run","0","Run","2022-05-08T15:19:38Z","157",145
"100",0,1,NA,"73.8",0,"26",0,0,2649,NA,NA,7099327722,0,"101",0,2649,"Afternoon Activity","0","Yoga","2022-05-06T21:41:26Z","3",0
"101",0,1,NA,NA,0,NA,0,0,3600,NA,NA,7099927080,0,NA,0,3600,"Lunch Activity","0","RockClimbing","2022-05-06T16:00:00Z",NA,0
"102",0,1,NA,"89.9",0,"26",0,0,3549,502.2,494,7094433982,0,"121",0,3549,"Afternoon Activity","0","Workout","2022-05-05T20:26:27Z","6",0
"103",6,1,"86.5","159",11.9736,"19",0,8.8841,2717,504.6,476.6,7093126141,5,"179",22.608,2671,"Tempo Run","4","Run","2022-05-05T16:19:51Z","52",38
"104",0,1,NA,NA,0,NA,0,0,5400,NA,NA,7089084141,0,NA,0,5400,"Afternoon Activity","0","RockClimbing","2022-05-04T19:00:00Z",NA,0
"105",0,1,"83","150.3",10.836,"20",0,5.0484,1684,436.6,419.4,7087402359,2,"160",14.0724,1677,"Recovery Run","0","Run","2022-05-04T15:35:50Z","17",25
"106",0,1,NA,"77.4",0,"25",0,0,3235,428.6,423.4,7083470211,0,"107",0,3235,"Afternoon Activity","0","Workout","2022-05-03T19:42:18Z","4",0
"107",0,1,"84.8","161.5",10.8396,"13",0,12.4042,4214,471,447.4,7082323620,7,"188",19.764,4120,"Morning Run","0","Run","2022-05-03T14:12:13Z","94",64
"108",6,1,"85.1","159.2",11.1492,"11",3,27.4753,8908,482.6,453.2,7071985756,7,"180",16.7616,8873,"Ouch","1","Run","2022-05-01T14:40:05Z","183",152
"109",0,1,NA,"70.6",0,"27",0,0,2505,NA,NA,7067166687,0,"100",0,2505,"Afternoon Activity","0","Yoga","2022-04-30T21:13:54Z","2",0
"110",0,1,NA,"61.5",0,"26",0,0,1917,NA,NA,7066218607,0,"95",0,1917,"Afternoon Activity","0","Yoga","2022-04-29T22:56:33Z","1",0
"111",0,1,NA,"76.6",0,"24",0,0,2173,409.6,408.2,7057387757,0,"95",0,2173,"Evening Activity","0","Workout","2022-04-29T00:02:13Z","2",0
"112",0,1,"84.6","154.9",11.2284,"12",0,11.7747,3789,476.6,454.2,7056518552,4,"171",16.4592,3775,"Yasso 800s","0","Run","2022-04-28T19:01:22Z","59",87
"113",0,1,NA,NA,0,NA,0,0,7200,NA,NA,7052551749,0,NA,0,7200,"Evening Activity","0","RockClimbing","2022-04-28T00:00:00Z",NA,0
"114",0,1,NA,"83.6",0,"24",0,0,2244,335.8,333.2,7046063245,0,"110",0,2244,"Afternoon Activity","0","Workout","2022-04-26T20:12:56Z","3",0
"115",0,1,"85.7","159.6",11.4444,"14",0,9.0913,2866,369.6,342.2,7044006593,5,"175",15.1632,2860,"New shoes!","0","Run","2022-04-26T13:51:54Z","61",54
"116",0,1,NA,"64.5",0,"27",0,0,1798,NA,NA,7041586359,1,"95",0,1798,"Evening Activity","0","Yoga","2022-04-26T01:26:05Z","1",0
"117",0,3,NA,NA,4.4028,NA,0,5.1686,4370,346,280.2,7036611789,3,NA,11.556,4227,"Afternoon Hike","0","Hike","2022-04-24T19:48:13Z",NA,118.9
"118",0,3,"56.5","108",4.3056,"24",0,5.1899,4391,471.2,403.8,7036612950,0,"127",7.2,4339,"Afternoon Walk","0","Hike","2022-04-24T19:47:43Z","11",169.6
"119",14,1,"85.2","171.7",11.5416,"21",0,22.7518,7241,402.2,380.8,7035284975,5,"191",17.3448,7097,"Morning Run","3","Run","2022-04-24T15:26:42Z","237",119
"120",0,1,NA,"72.4",0,"26",0,0,1265,356.4,356.4,7025157696,0,"121",0,1265,"Evening Activity","0","Workout","2022-04-23T00:14:38Z","1",0
"121",0,1,NA,"97.2",0,"26",0,0,2311,314.2,306,7020590448,0,"159",0,2311,"Evening Activity","0","Workout","2022-04-22T00:01:25Z","4",0
"122",1,1,"82.7","164",11.4156,"24",0,8.9258,2857,369.2,341.8,7019680357,4,"187",21.9816,2815,"Afternoon Run","0","Run","2022-04-21T19:07:26Z","71",49
"123",0,1,NA,NA,0,NA,0,0,7200,NA,NA,7023041208,1,NA,0,7200,"Evening Activity","0","RockClimbing","2022-04-20T23:30:00Z",NA,0
"124",1,1,"81.5","157.4",11.0304,"18",0,4.1951,1378,358.6,324.8,7014022680,0,"181",13.4496,1369,"Recovery Run","0","Run","2022-04-20T18:22:18Z","23",40
"125",0,1,NA,"64",0,"26",0,0,1804,NA,NA,7013333516,0,"105",0,1804,"Lunch Activity","0","Yoga","2022-04-20T16:34:19Z","1",0
"126",0,1,NA,"91.6",0,"26",0,0,3573,330.2,330.2,7009986957,0,"133",0,3573,"Evening Activity","0","Workout","2022-04-19T23:54:24Z","6",0
"127",0,1,"82.5","161.8",11.5416,"16",0,10.4268,3322,362,326.4,7009425803,2,"175",25.3368,3252,"Afternoon Run","0","Run","2022-04-19T21:11:48Z","73",63
"128",0,1,NA,NA,0,NA,0,0,7200,NA,NA,7004972441,0,NA,0,7200,"Evening Activity","0","RockClimbing","2022-04-19T00:00:00Z",NA,0
"129",0,1,NA,NA,0,NA,0,0,9000,NA,NA,7004128283,0,NA,0,9000,"Afternoon Activity","0","RockClimbing","2022-04-17T20:00:00Z",NA,0
"130",0,2,"77.9","149.5",9.2916,"15",0,15.394,6860,394.4,285,6992742915,6,"183",14.148,5964,"Lunch Run","0","Run","2022-04-16T16:11:54Z","69",360
"131",0,1,NA,"67.4",0,"23",0,0,2773,NA,NA,6983140466,0,"93",0,2773,"Evening Activity","0","Yoga","2022-04-15T00:04:47Z","2",0
"132",2,1,"84.8","150",11.9196,"12",0,6.7521,2057,291,269.6,6982990698,2,"162",16.308,2039,"Evening Run","0","Run","2022-04-14T23:19:42Z","21",28
"133",0,1,NA,"73.2",0,"25",0,0,1950,NA,NA,6972611946,0,"103",0,1950,"Afternoon Activity","0","Yoga","2022-04-12T22:21:21Z","2",0
"134",1,1,"83.1","154.4",11.664,"19",0,6.5645,2055,790,760.6,6972301068,3,"184",17.442,2026,"Afternoon Run","0","Run","2022-04-12T20:51:53Z","33",32
"135",0,1,NA,NA,0,NA,0,0,7200,NA,NA,6972480143,0,NA,0,7200,"Afternoon Activity","0","RockClimbing","2022-04-11T22:30:00Z",NA,0
"136",7,1,"85","173.2",11.0556,"14",1,21.1568,7097,721,696.6,6955529139,7,"194",14.3748,6890,"Morning Run","5","Run","2022-04-09T15:13:29Z","249",132
"137",0,1,"53.7","102.7",3.4344,"25",0,2.5814,3103,2693.8,2491.4,6946839989,2,"134",26.064,2705,"Sun Mountain","0","Hike","2022-04-07T20:20:08Z","6",205.8
"138",0,1,"51.4","97.8",3.33,"23",0,1.6922,2396,1580.8,1563.8,6942041772,4,"124",5.5584,1830,"Dune Life Trail - White Sands NP","0","Hike","2022-04-06T13:38:36Z","3",46.6
"139",0,1,"81.9","165.4",8.5896,"27",0,3.9134,1756,2127.4,2024.6,6937152029,4,"197",14.3064,1640,"Smith Springs - Guadalupe Mountains NP","0","Run","2022-04-05T19:04:40Z","40",106
"140",1,1,"55.8","96.8",4.4388,"26",0,13.0082,10909,1946.2,1851.8,6937151396,3,"134",18.792,10549,"The Grotto / Hunter Line Trail - Guadalupe Mountains NP","0","Hike","2022-04-05T14:54:36Z","21",367
"141",0,1,"55.3","102.6",4.626,"24",0,11.357,9450,1656.4,1519.4,6932189375,6,"125",6.7212,8835,"The Guano Trail - Carlsbad Caverns NP","0","Hike","2022-04-04T18:28:34Z","20",241.6
"142",0,1,"50.6","102.6",4.6296,"22",0,6.3151,4909,1588.6,1416.8,6931152860,3,"142",6.48,4909,"Carlsbad Caverns","0","Hike","2022-04-04T15:30:56Z","11",0
"143",0,1,"83.1","170.4",10.584,"21",0,12.3431,4297,1766.2,1751,6926119538,5,"183",14.2848,4199,"Morning Run","0","Run","2022-04-03T13:42:15Z","130",25
"144",0,1,"52.9","102.1",3.8268,"27",0,3.7025,3943,1829,1791,6922256177,1,"139",6.84,3482,"Petroglyphs National Monument","0","Hike","2022-04-02T16:25:16Z","8",70.2
"145",0,1,"64.2","99.2",5.6052,"25",0,2.1408,1375,489.4,468.6,6916577675,2,"112",10.5696,1375,"Stroll to the lib and back","0","Walk","2022-04-01T17:27:31Z","2",32
"146",0,1,NA,"64.1",0,"27",0,0,1473,NA,NA,6913919530,0,"104",0,1473,"Evening Activity","0","Yoga","2022-04-01T01:38:10Z","1",0
"147",1,1,"81.9","148.1",11.2212,"11",0,7.3038,2343,593.8,556.4,6912806629,1,"164",19.4616,2343,"Afternoon Run","0","Run","2022-03-31T18:47:36Z","22",65
"148",0,1,NA,NA,0,NA,0,0,7200,NA,NA,6947174164,0,NA,0,7200,"Evening Activity","0","RockClimbing","2022-03-31T01:00:00Z",NA,0
"149",1,1,"84.7","155.2",11.772,"17",0,8.1656,2520,518.8,489.2,6903139771,4,"173",16.1136,2497,"Afternoon Run","0","Run","2022-03-29T18:05:10Z","41",77
"150",2,1,"83.8","153.9",11.0916,"12",1,16.981,5632,451.2,397.4,6892704182,7,"168",21.9168,5511,"Morning Run","0","Run","2022-03-27T15:27:39Z","79",154
"151",0,1,NA,"69",0,"25",0,0,2104,NA,NA,6882474952,0,"99",0,2104,"Afternoon Activity","0","Yoga","2022-03-25T22:43:14Z","2",0
"152",0,1,NA,NA,0,NA,0,0,5400,NA,NA,6878175121,0,NA,0,5400,"Evening Activity","0","WeightTraining","2022-03-24T23:00:00Z",NA,0
"153",1,1,"82.9","149.7",11.3904,"12",0,6.1471,1949,487.8,463.6,6876050940,3,"164",17.9496,1943,"Fartlek","0","Run","2022-03-24T16:34:02Z","21",56
"154",0,1,NA,NA,0,NA,0,0,6300,NA,NA,6878178820,1,NA,0,6300,"Evening Activity","0","RockClimbing","2022-03-23T23:15:00Z",NA,0
"155",0,1,NA,"81.4",0,"23",0,0,3328,387.4,387.4,6867306221,1,"148",0,3328,"Evening Activity","0","Workout","2022-03-22T23:05:50Z","4",0
"156",2,1,"83.1","155.6",11.5452,"13",0,7.7954,2431,431.8,407.6,6865289649,6,"176",21.492,2431,"Lunch Run","0","Run","2022-03-22T16:11:15Z","38",69
"157",0,1,NA,NA,0,NA,0,0,3600,NA,NA,6861673486,0,NA,0,3600,"Afternoon Activity","0","RockClimbing","2022-03-21T22:00:00Z",NA,0
"158",0,1,"56.6","96.7",4.392,"24",3,1.4402,1196,396.4,385,6859701976,1,"127",6.2424,1180,"Walkin with Ryder","0","Walk","2022-03-21T16:23:01Z","2",19
"159",3,2,"84.4","166.8",11.1168,"20",0,18.231,6196,361.4,327.4,6855412983,5,"189",24.0912,5904,"Morning Run","2","Run","2022-03-20T15:41:26Z","161",123
"160",0,1,NA,NA,0,NA,0,0,9000,NA,NA,6850405419,0,NA,0,9000,"Afternoon Activity","0","RockClimbing","2022-03-19T18:15:00Z",NA,0
"161",0,1,NA,"67.3",0,"26",0,0,2038,NA,NA,6845484355,0,"100",0,2038,"Evening Activity","0","Yoga","2022-03-19T00:02:51Z","2",0
"162",0,1,NA,"93.2",0,"24",0,0,3965,332,328.2,6840903498,0,"123",0,3965,"Evening Activity","0","WeightTraining","2022-03-17T23:28:33Z","7",0
"163",1,1,"83.4","154.3",11.682,"17",1,4.5169,1428,347.6,336,6840412954,5,"170",17.55,1392,"Easing back into intervals ","0","Run","2022-03-17T21:46:48Z","19",14
"164",0,1,NA,NA,0,NA,0,0,10800,NA,NA,6836294124,7,NA,0,10800,"Post-work climbs at Gov Dodge","0","RockClimbing","2022-03-16T22:00:00Z",NA,0
"165",0,1,NA,"87",0,"25",0,0,3380,332.4,332.4,6830665436,0,"138",0,3380,"Evening Activity","0","Workout","2022-03-15T23:01:39Z","5",0
"166",1,1,"83.3","162.6",11.4084,"17",0,8.0785,2564,383.8,358.8,6829632925,2,"188",15.804,2549,"Afternoon Run","0","Run","2022-03-15T19:07:38Z","56",68
"167",0,1,NA,"68.4",0,"26",0,0,1683,NA,NA,6825602066,0,"91",0,1683,"Evening Activity","0","Yoga","2022-03-15T00:54:14Z","1",0
"168",7,1,"85.4","163.1",11.5056,"15",0,12.9994,4104,346.6,320.2,6819253959,4,"186",18.3132,4068,"Lunch Run","0","Run","2022-03-13T16:18:13Z","98",82
"169",0,1,NA,NA,0,NA,0,0,7200,NA,NA,6819490047,0,NA,0,7200,"Lunch Activity","0","RockClimbing","2022-03-12T18:30:00Z",NA,0
"170",0,1,NA,"83",0,"24",0,0,3262,269.8,269.8,6800661183,0,"103",0,3262,"Evening Activity","0","WeightTraining","2022-03-10T00:01:10Z","4",0
"171",0,1,"84.3","146.8",11.8584,"18",0,3.357,1019,336.2,309.6,6799787903,1,"162",14.6664,1019,"Afternoon Run","0","Run","2022-03-09T19:47:12Z","10",37
"172",0,1,NA,"89.8",0,"23",0,0,3275,289.4,286.4,6795093614,0,"133",0,3275,"Strength Training at Summit","0","Workout","2022-03-09T00:03:47Z","5",0
"173",0,1,"81.3","155.3",11.2572,"14",0,5.4375,1749,350.6,322.2,6794218442,4,"172",14.4216,1739,"Afternoon Run","0","Run","2022-03-08T20:47:07Z","26",54
"174",0,1,NA,"72.9",0,"26",0,0,2186,NA,NA,6789646857,0,"99",0,2186,"Afternoon Activity","0","Yoga","2022-03-07T23:09:19Z","2",0
"175",0,1,"59.9","102",5.0904,"21",0,4.8705,3444,283.6,265.8,6787614305,4,"118",7.164,3444,"Snow day walk","0","Walk","2022-03-07T15:17:19Z","7",36
"176",6,1,"84","145.8",11.412,"10",0,14.6524,4696,650.8,592,6783845628,4,"159",19.908,4622,"Morning Run","0","Run","2022-03-06T16:35:36Z","33",100
"177",0,1,NA,NA,0,NA,0,0,7200,NA,NA,6779364488,1,NA,0,7200,"Afternoon Activity","0","RockClimbing","2022-03-05T20:30:00Z",NA,0
"178",0,1,NA,"58.1",0,"26",0,0,2549,NA,NA,6783845418,1,"80",0,2549,"Afternoon Activity","0","Yoga","2022-03-04T23:30:03Z","1",0
"179",0,1,"81.8","154.8",11.4084,"15",0,6.5249,2068,628.8,606.8,6768662177,1,"172",15.516,2059,"Afternoon Run","0","Run","2022-03-03T20:39:17Z","31",76
"180",0,1,NA,NA,0,NA,0,0,7200,NA,NA,6768929320,0,NA,0,7200,"MWC","0","RockClimbing","2022-03-03T01:00:00Z",NA,0
"181",0,1,NA,NA,0,NA,0,0,3600,NA,NA,6768927987,0,NA,0,3600,"Lifting w/Logan","0","WeightTraining","2022-03-03T00:00:00Z",NA,0
"182",0,1,NA,"86.6",0,"24",0,0,1318,NA,NA,6757604895,0,"106",0,1318,"Lunch Activity","0","Yoga","2022-03-01T18:00:15Z","2",0
"183",0,1,"84.5","149.8",11.916,"17",0,6.586,2040,620.4,605.8,6757433298,4,"162",18.5112,1990,"Lunch Run","0","Run","2022-03-01T17:19:52Z","22",24
"184",0,1,NA,NA,0,NA,0,0,5400,NA,NA,6756848142,1,NA,0,5400,"Morning climbs with Cait!!","0","RockClimbing","2022-03-01T13:30:00Z",NA,0
"185",0,1,NA,"72.1",0,"26",0,0,2497,NA,NA,6754112970,0,"104",0,2497,"Evening Activity","0","Yoga","2022-03-01T00:59:40Z","2",0
"186",5,1,"85.6","154.2",11.7108,"12",0,11.7307,3706,609.2,582.6,6747511453,3,"168",18.288,3606,"Morning Run","2","Run","2022-02-27T15:24:54Z","57",72
"187",0,1,NA,"67.5",0,"26",0,0,2636,NA,NA,6747508612,0,"88",0,2636,"Afternoon Activity","0","Yoga","2022-02-26T23:36:04Z","2",0
"188",0,1,NA,NA,0,NA,0,0,5400,NA,NA,6743314797,1,NA,0,5400,"Afternoon Activity","0","RockClimbing","2022-02-26T19:00:00Z",NA,0
"189",0,1,NA,"64.4",0,"27",0,0,3969,NA,NA,6738104425,0,"90",0,3969,"Afternoon Activity","0","Yoga","2022-02-25T23:19:12Z","3",0
"190",0,1,"85.4","146.3",10.9692,"13",0,7.2154,2522,590.8,557.2,6733889327,5,"160",25.0128,2368,"Pretty icy out there ","0","Run","2022-02-24T23:37:35Z","18",42
"191",0,1,NA,NA,0,NA,0,0,9000,NA,NA,6729558627,0,NA,0,9000,"Afternoon Activity","0","RockClimbing","2022-02-23T23:00:00Z",NA,0
"192",1,1,"84.4","153.4",11.7828,"13",0,4.6937,1434,597.2,570.8,6728484737,3,"165",16.8948,1434,"Afternoon Run","1","Run","2022-02-23T20:16:15Z","20",53
"193",0,1,NA,"84.9",0,"24",0,0,2504,578,578,6724547169,1,"108",0,2504,"Strength Training at Summit","0","Workout","2022-02-23T00:13:31Z","3",0
"194",0,1,NA,NA,0,NA,1,0,10800,NA,NA,6714349708,2,NA,0,10800,"Morning Activity","0","RockClimbing","2022-02-20T15:00:00Z",NA,0
"195",0,1,NA,"75",0,"26",0,0,2369,NA,NA,6708634261,1,"102",0,2369,"Saturdays are for yoga","0","Yoga","2022-02-19T22:21:51Z","2",0
"196",0,1,NA,"71.2",0,"22",0,0,1305,NA,NA,6708032517,0,"104",0,1305,"Afternoon Activity","0","Yoga","2022-02-19T19:26:53Z","1",0
"197",3,1,"85.2","146.8",11.7864,"13",0,9.5484,3000,558.6,524.4,6707941858,4,"167",33.4584,2916,"Lunch Run","2","Run","2022-02-19T18:23:06Z","26",53
"198",2,1,"84.1","154.6",11.2356,"5",0,8.4273,2725,622.8,587.4,6698884152,3,"168",13.716,2700,"Afternoon Run","0","Run","2022-02-17T20:45:16Z","41",87
"199",0,1,NA,NA,0,NA,0,0,7200,NA,NA,6696960240,2,NA,0,7200,"MWC - first weeknight meetup ","0","RockClimbing","2022-02-17T01:00:00Z",NA,0
"200",0,1,NA,"81.1",0,"23",0,0,3137,544.8,544.8,6689642534,0,"130",0,3137,"Strength Training at Summit","0","Workout","2022-02-16T00:07:15Z","4",0
"201",1,1,"85.6","153.3",11.9376,"5",0,6.5288,1986,540.2,511.6,6687838624,3,"169",14.0256,1969,"Lunch Run","0","Run","2022-02-15T17:37:19Z","29",37
"202",0,1,NA,"66.2",0,"25",0,0,2047,NA,NA,6684704747,0,"103",0,2047,"Evening Activity","0","Yoga","2022-02-15T02:04:44Z","1",0
"203",0,1,NA,NA,0,NA,0,0,7200,NA,NA,6680299869,0,NA,0,7200,"MWC!","0","RockClimbing","2022-02-14T00:00:00Z",NA,0
"204",0,1,"51.8","97.3",4.3524,"14",0,3.2863,3628,623.6,602.4,6667644653,3,"116",7.9848,2719,"Lunch Activity","0","NordicSki","2022-02-11T18:28:29Z","5",24
"205",0,1,"81.3","156.8",11.0016,"19",2,2.9579,974,446.6,436,6658452138,4,"181",13.6152,968,"Testing out the new Altras","0","Run","2022-02-09T22:22:06Z","16",15
"206",0,1,NA,"97.5",0,"23",0,0,3245,445.4,319.8,6653610173,0,"142",0,3245,"Evening Activity","0","Workout","2022-02-09T00:03:14Z","6",0
"207",2,1,"84.5","167.6",11.412,"17",0,10.9146,3625,314.2,289.6,6642034839,6,"193",26.9172,3443,"Lunch Run","1","Run","2022-02-06T17:45:45Z","97",61
"208",0,1,NA,NA,0,NA,0,0,10800,NA,NA,6637492204,0,NA,0,10800,"Afternoon Activity","0","RockClimbing","2022-02-05T20:00:00Z",NA,0
"209",3,2,"83.8","149.5",10.0152,"14",0,8.1747,3055,280.6,267.8,6632292890,4,"169",13.3776,2938,"Evening Run","1","Run","2022-02-05T00:04:39Z","31",31
"210",0,1,NA,"72.7",0,"25",0,0,3167,NA,NA,6628236103,0,"101",0,3167,"Evening Activity","0","Yoga","2022-02-04T02:06:20Z","3",0
"211",0,1,NA,"83.2",0,"24",0,0,3373,273.2,273.2,6617844051,0,"119",0,3373,"Evening Activity","0","Workout","2022-02-02T00:00:40Z","5",0
"212",0,1,"84","158.4",11.052,"13",0,8.0455,2683,304.4,269.2,6612390656,4,"183",15.2892,2621,"Afternoon Run","0","Run","2022-01-31T23:24:16Z","49",46
"213",0,4,"50.1","101.9",5.8356,"20",0,7.9737,6233,573.6,470.8,6607007064,1,"152",22.2264,4919,"Lunch Activity","0","NordicSki","2022-01-30T17:30:45Z","11",180
"214",0,1,NA,NA,0,NA,0,0,7200,NA,NA,6612412693,1,NA,0,7200,"Afternoon Activity","0","RockClimbing","2022-01-29T19:00:00Z",NA,0
"215",4,1,"83.9","155",11.1708,"2",0,7.733,2546,373.6,338.2,6596333969,2,"179",15.444,2492,"Afternoon Run","0","Run","2022-01-28T21:19:22Z","38",89
"216",0,1,NA,NA,0,NA,0,0,7200,NA,NA,6612414031,1,NA,0,7200,"Evening Activity","0","RockClimbing","2022-01-28T01:00:00Z",NA,0
"217",0,1,NA,"61.9",0,"27",0,0,2887,NA,NA,6587421009,1,"91",0,2887,"Afternoon Activity","0","Yoga","2022-01-26T23:42:23Z","2",0
"218",0,1,NA,NA,0,NA,0,0,7200,NA,NA,6566186794,1,NA,0,7200,"Afternoon Activity","0","RockClimbing","2022-01-22T19:00:00Z",NA,0
"219",0,1,NA,NA,0,NA,0,0,7200,NA,NA,6566186030,2,NA,0,7200,"Evening Activity","0","RockClimbing","2022-01-21T01:00:00Z",NA,0
"220",0,1,"53.2","98.6",3.816,"19",1,1.5489,1773,261.4,256.2,6550968889,5,"120",6.12,1461,"Second skate of the year ","0","IceSkate","2022-01-19T22:20:20Z","3",5.8
"221",0,1,NA,"81.3",0,"24",0,0,3436,296.6,296.6,6546225795,0,"132",0,3436,"Evening Activity","0","Workout","2022-01-19T00:03:56Z","5",0
"222",1,1,"84.9","163.7",11.5416,"17",0,7.034,2236,283.8,266.6,6540509611,3,"200",14.85,2194,"Afternoon Run","0","Run","2022-01-17T22:36:08Z","52",23
"223",11,2,"48.1","99.9",6.462,"22",0,6.6561,4375,386.6,338.2,6536064461,9,"149",24.2568,3708,"Evening Activity","5","NordicSki","2022-01-17T00:18:24Z","8",122
"224",0,1,NA,"98",0,"19",0,0,3749,270.4,270.4,6534566290,1,"121",0,3749,"Morning Activity","0","IceSkate","2022-01-16T16:46:29Z","7",0
"225",0,1,NA,"75.2",0,"26",0,0,1597,NA,NA,6524645130,0,"102",0,1597,"Evening Activity","0","Yoga","2022-01-15T01:24:20Z","1",0
"226",0,1,NA,NA,0,NA,0,0,7200,NA,NA,6523010122,0,NA,0,7200,"Evening Activity","0","RockClimbing","2022-01-14T01:00:00Z",NA,0
"227",0,1,NA,NA,0,NA,0,0,3600,NA,NA,6515164094,0,NA,0,3600,"Evening Activity","0","RockClimbing","2022-01-13T01:00:00Z",NA,0
"228",0,1,"46.6","106.6",5.6988,"24",0,4.2971,3165,307.4,289.8,6514540431,5,"152",22.4784,2715,"Afternoon Activity","0","NordicSki","2022-01-12T22:40:15Z","6",25
"229",0,1,NA,"89.1",0,"23",0,0,2283,511.4,507.4,6509924032,1,"141",0,2283,"Strength Training at Summit","0","Workout","2022-01-12T00:13:31Z","4",0
"230",0,1,NA,NA,0,NA,0,0,7200,NA,NA,6499760535,1,NA,0,7200,"MWC","0","RockClimbing","2022-01-10T00:00:54Z",NA,0
"231",0,1,NA,"69.5",0,"24",0,0,2843,NA,NA,6498179887,0,"96",0,2843,"Lunch Activity","0","Yoga","2022-01-09T17:09:47Z","3",0
"232",0,1,NA,"76.1",0,"24",0,0,3343,482.4,477.2,6474327826,0,"133",0,3343,"Strength Training at Summit","0","Workout","2022-01-05T00:02:32Z","4",0
"233",2,1,"48.9","96.1",6.3072,"17",0,4.7023,3665,540.6,516,6468866533,5,"146",21.5568,2684,"First ski of the year! ","0","NordicSki","2022-01-03T21:50:37Z","5",66
"234",0,1,NA,NA,0,NA,0,0,5400,NA,NA,6477562243,0,NA,0,5400,"NYE climbing","0","RockClimbing","2022-01-01T01:00:00Z",NA,0
"235",0,1,NA,NA,0,NA,0,0,5400,NA,NA,6444905200,0,NA,0,5400,"Evening Activity","0","RockClimbing","2021-12-30T00:30:00Z",NA,0
"236",0,1,NA,"68.1",0,"23",0,0,3573,485.4,485.4,6440446944,0,"117",0,3573,"Strength Training at Summit","0","Workout","2021-12-29T00:04:23Z","3",0
"237",0,1,NA,NA,0,NA,0,0,5400,NA,NA,6436094052,2,NA,0,5400,"Kilter","0","RockClimbing","2021-12-28T01:00:00Z",NA,0
"238",6,1,"84","167.3",12.6756,"21",0,5.197,1509,226.4,214.4,6426772915,2,"187",54.8136,1476,"Afternoon Run","5","Run","2021-12-25T20:05:27Z","40",17
"239",0,1,NA,NA,0,NA,0,0,7200,NA,NA,6436093467,0,NA,0,7200,"Earth Treks Crystal City","0","RockClimbing","2021-12-21T20:00:00Z",NA,0
"240",0,1,NA,NA,0,NA,0,0,9000,NA,NA,6436094882,0,NA,0,9000,"Kilter with Logan","0","RockClimbing","2021-12-21T00:30:00Z",NA,0
"241",0,1,NA,NA,0,NA,0,0,9000,NA,NA,6396563916,0,NA,0,9000,"Evening Activity","0","RockClimbing","2021-12-17T01:30:00Z",NA,0
"242",0,1,NA,"72.4",0,"23",0,0,3236,457.2,457.2,6385130404,0,"122",0,3236,"Strength Training at Summit","0","Workout","2021-12-15T00:04:59Z","3",0
"243",0,1,NA,NA,0,NA,0,0,10800,NA,NA,6377340635,1,NA,0,10800,"MWC! ","0","RockClimbing","2021-12-13T00:00:00Z",NA,0
"244",0,1,NA,NA,0,NA,0,0,5400,NA,NA,6361055954,0,NA,0,5400,"Evening Activity","0","RockClimbing","2021-12-09T00:26:56Z",NA,0
"245",0,1,NA,"75",0,"24",0,0,3441,375.8,375.8,6356848181,0,"130",0,3441,"Strength Training at Summit","0","Workout","2021-12-08T00:05:16Z","4",0
"246",0,1,NA,NA,0,NA,0,0,5400,NA,NA,6352814665,2,NA,0,5400,"Quick kilter ","0","RockClimbing","2021-12-07T00:45:00Z",NA,0
"247",0,1,NA,NA,0,NA,0,0,10800,NA,NA,6347199213,2,NA,0,10800,"Boulders comp ","0","RockClimbing","2021-12-04T18:00:00Z",NA,0
"248",0,1,NA,"131",20.9916,"20",0,9.294,1656,357.2,350.4,6343097507,0,"160",28.5912,1594,"Lunch Ride","0","Ride","2021-12-04T17:01:36Z","7",10
"249",0,1,NA,"81",0,"23",0,0,3249,378.6,375.2,6328098075,1,"134",0,3249,"Strength Training at Summit","0","Workout","2021-12-01T00:05:36Z","4",0
"250",0,1,NA,NA,0,NA,0,0,7200,NA,NA,6331660340,0,NA,0,7200,"Kilter","0","RockClimbing","2021-11-30T00:30:00Z",NA,0
"251",2,1,"86.4","152.8",11.9304,"13",0,10.2554,3184,385,356.6,6319121970,2,"165",24.84,3095,"Lunch Run","0","Run","2021-11-28T18:44:47Z","42",51
"252",0,1,NA,"74.4",0,"27",0,0,1804,NA,NA,6318738809,0,"109",0,1804,"Back to yoga ","0","Yoga","2021-11-28T17:14:51Z","2",0
"253",0,1,NA,"130.5",18.4104,"19",0,7.5181,1502,372.8,364.8,6318738747,1,"154",23.7744,1470,"Afternoon Ride","0","Ride","2021-11-27T23:17:32Z","6",10
"254",0,1,NA,NA,0,NA,0,0,10800,NA,NA,6315146551,1,NA,0,10800,"Climb and campus board ","0","RockClimbing","2021-11-27T20:00:00Z",NA,0
"255",0,1,NA,"119.1",20.3256,"21",0,7.6219,1377,384,304.4,6318738751,1,"145",37.0728,1350,"Afternoon Ride","0","Ride","2021-11-27T19:42:17Z","4",8
"256",2,1,"87","168.3",11.97,"12",0,7.299,2204,309.6,289.8,6307318985,4,"187",18.2664,2195,"Lunch Run","0","Run","2021-11-25T18:10:01Z","67",33
"257",0,1,NA,NA,0,NA,0,0,7200,NA,NA,6303802133,1,NA,0,7200,"Evening Activity","0","RockClimbing","2021-11-25T00:00:00Z",NA,0
"258",7,2,"82.2","148.9",10.8,"15",0,10.3367,3595,292.6,235.4,6289479754,5,"168",17.8344,3445,"Morning Run","2","Run","2021-11-21T15:26:38Z","38",65
"259",0,1,NA,NA,0,NA,0,0,3600,NA,NA,6285264178,2,NA,0,3600,"Afternoon Activity","0","RockClimbing","2021-11-20T20:30:00Z",NA,0
"260",0,1,NA,NA,0,NA,0,0,7200,NA,NA,6279296508,0,NA,0,7200,"Evening Activity","0","RockClimbing","2021-11-19T01:00:00Z",NA,0
"261",0,1,NA,"94",0,"22",0,0,3145,259.2,255.6,6268316977,1,"138",0,3145,"Strength Training at Summit","0","Workout","2021-11-17T00:01:26Z","6",0
"262",0,1,NA,NA,0,NA,1,0,5400,NA,NA,6263863859,2,NA,0,5400,"Kilter board session","0","RockClimbing","2021-11-16T01:48:10Z",NA,0
"263",6,32,"88.3","156",12.1824,"10",3,21.4867,6350,293,257.2,6257596039,9,"168",17.1252,6350,"Madison Half!!","5","Run","2021-11-14T13:10:19Z","107",149
"264",0,1,NA,NA,0,NA,0,0,7200,NA,NA,6253849581,0,NA,0,7200,"Afternoon Activity","0","RockClimbing","2021-11-13T19:05:00Z",NA,0
"265",0,1,"85","173.2",11.6604,"21",0,5.2704,1627,266.4,256,6251627622,5,"189",24.9732,1627,"Pre race shakeout ","0","Run","2021-11-13T12:48:02Z","56",13
"266",2,2,"84.2","151.7",11.1024,"14",0,4.4351,1448,281,269.4,6245462114,3,"165",20.844,1438,"Hi Ninevah!","0","Run","2021-11-11T23:33:15Z","18",21
"267",0,1,NA,"117.5",17.8092,"24",0,7.5139,1519,289.6,278.2,6241672518,0,"133",26.0388,1519,"Night Ride","0","Ride","2021-11-11T03:13:44Z","4",16
"268",0,1,NA,NA,0,NA,0,0,7200,NA,NA,6243249861,0,NA,0,7200,"Evening Activity","0","RockClimbing","2021-11-11T01:30:00Z",NA,0
"269",0,1,NA,"118.1",17.4348,"22",0,7.4342,1583,278.2,268.8,6241054143,1,"152",25.0164,1535,"Evening Ride","0","Ride","2021-11-11T00:49:55Z","5",13
"270",2,1,NA,"135.8",21.5208,"18",0,11.0412,1902,424.6,368.8,6236592975,1,"158",31.0176,1847,"Evening Ride","0","Ride","2021-11-10T01:06:24Z","10",33
"271",6,1,NA,"120.8",16.6356,"15",0,12.9631,3219,432.6,405.6,6236148751,3,"144",37.2528,2805,"Making caramels with Erin ☺️","4","Ride","2021-11-09T22:10:54Z","8",60
"272",1,1,"83.9","163.3",11.3292,"22",0,8.9356,2862,436.2,414.4,6231014170,5,"185",13.7664,2839,"Afternoon Run","1","Run","2021-11-08T20:50:02Z","65",83
"273",0,1,NA,NA,0,NA,0,0,5400,NA,NA,6208803349,1,NA,0,5400,"Evening Activity","0","RockClimbing","2021-11-03T23:30:00Z",NA,0
"274",1,1,"86.1","158.3",11.1024,"14",0,11.3681,3690,336.8,308.8,6207090870,4,"188",16.7688,3686,"Tempo Intervals","0","Run","2021-11-03T16:47:45Z","70",118
"275",0,1,NA,"83.6",0,"22",0,0,3244,284,284,6204179860,1,"140",0,3244,"Strength Training at Summit","0","Workout","2021-11-02T23:07:31Z","5",0
"276",0,1,"87.2","150.3",10.656,"18",0,5.579,1895,283,276.2,6199502708,1,"167",19.242,1885,"Afternoon Run","0","Run","2021-11-01T22:51:41Z","21",14
"277",6,1,"87.4","156.3",11.61,"16",0,17.7354,5602,315.8,287.4,6187937057,6,"168",20.1132,5499,"Morning Run","1","Run","2021-10-30T13:49:42Z","94",135
"278",0,1,NA,NA,0,NA,0,0,5400,NA,NA,6178767213,1,NA,0,5400,"Morning Activity","0","RockClimbing","2021-10-28T12:00:00Z",NA,0
"279",0,1,"85.2","163.5",11.6784,"18",0,6.6219,2058,330,308.8,6174994227,3,"187",16.9632,2041,"Fartlek","0","Run","2021-10-27T16:48:18Z","49",63
"280",0,1,NA,NA,0,NA,0,0,7200,NA,NA,6167181363,1,NA,0,7200,"Evening Activity","0","RockClimbing","2021-10-25T23:30:00Z",NA,0
"281",0,1,NA,NA,0,NA,0,0,5400,NA,NA,6162301101,0,NA,0,5400,"Afternoon Activity","0","RockClimbing","2021-10-24T20:15:00Z",NA,0
"282",13,1,"88.6","160.6",11.8764,"12",0,16.9982,5192,285,254.2,6160400991,9,"186",28.9656,5152,"Morning Run","4","Run","2021-10-24T13:05:49Z","109",115
"283",0,1,"84.8","157.5",10.89,"20",0,6.7447,2262,255.6,244.2,6154868713,3,"174",14.5368,2230,"Morning Run","0","Run","2021-10-23T13:35:09Z","44",25
"284",0,1,NA,NA,0,NA,0,0,5401,NA,NA,6162301920,0,NA,0,5401,"Evening Activity","0","RockClimbing","2021-10-21T23:30:00Z",NA,0
"285",4,1,"85.8","169.3",11.7396,"23",0,8.75,2883,273.8,266,6143349043,4,"194",18.4032,2683,"Tempo Intervals","1","Run","2021-10-20T22:39:08Z","85",18
"286",0,1,NA,"103",0,"26",0,0,2806,284,284,6139004868,0,"139",0,2806,"Strength Training at Summit","0","Workout","2021-10-19T23:11:00Z","6",0
"287",19,2,"85.7","176.2",11.772,"21",0,12.918,3967,299,272.2,6133706169,12,"191",15.12,3951,"Afternoon Run","12","Run","2021-10-18T22:55:42Z","161",72
"288",0,1,NA,NA,0,NA,0,0,7200,NA,NA,6114757003,0,NA,0,7200,"Evening Activity","0","RockClimbing","2021-10-15T00:00:00Z",NA,0
"289",13,1,"87.5","174.3",11.664,"21",0,13.0975,4095,288,264,6109555694,7,"191",19.44,4043,"Afternoon Run","10","Run","2021-10-13T22:34:28Z","149",71
"290",3,1,"83.5","154.9",11.106,"20",0,8.4586,2751,277.6,264.8,6104638136,2,"186",20.16,2742,"Fartlek","2","Run","2021-10-12T22:20:46Z","53",30
"291",0,1,NA,NA,0,NA,0,0,8100,NA,NA,6095387596,1,NA,0,8100,"MWC Meetup","0","RockClimbing","2021-10-10T23:00:51Z",NA,0
"292",0,1,NA,NA,0,NA,0,0,7200,NA,NA,6095386865,0,NA,0,7200,"Afternoon Activity","0","RockClimbing","2021-10-09T18:30:00Z",NA,0
"293",4,1,"86.4","173",11.0304,"24",0,12.889,4300,277.8,262.6,6087772562,3,"192",15.12,4207,"Morning Run","0","Run","2021-10-09T14:13:31Z","144",43
"294",1,1,"85.5","167.2",11.8764,"23",0,8.086,2467,279.2,266.4,6084084179,1,"191",19.44,2451,"Tempo Intervals","0","Run","2021-10-08T22:23:40Z","68",22
"295",0,1,NA,NA,0,NA,0,0,7200,NA,NA,6080199679,0,NA,0,7200,"Evening Activity","0","RockClimbing","2021-10-08T00:45:00Z",NA,0
"296",0,1,NA,NA,0,NA,0,0,5400,NA,NA,6068711873,0,NA,0,5400,"Climbing w/Cait!","0","RockClimbing","2021-10-05T12:00:00Z",NA,0
"297",4,2,"81.9","156.1",10.6848,"22",1,8.8016,3000,278,265.4,6064892494,4,"181",19.08,2965,"“Easy” Run w/some surprise fartleks","1","Run","2021-10-04T23:52:34Z","50",46
"298",0,1,NA,"130.6",19.9836,"24",0,7.505,1387,302.2,292.6,6060069880,1,"143",28.08,1352,"Afternoon Ride","0","Ride","2021-10-03T22:19:37Z","5",6
"299",0,1,NA,NA,0,NA,0,0,7200,NA,NA,6060423396,2,NA,0,7200,"Last east side climb for the month","0","RockClimbing","2021-10-03T20:00:00Z",NA,0
"300",0,1,NA,"130.7",20.7972,"24",0,7.4005,1316,302,294.2,6059675159,0,"150",27.36,1281,"Afternoon Ride","0","Ride","2021-10-03T19:46:56Z","6",9
"301",1,1,"85.7","177.9",11.1528,"24",0,12.3964,4013,300.2,286.6,6058117521,7,"190",15.48,4002,"Morning Run","0","Run","2021-10-03T13:35:05Z","166",32
"302",0,1,NA,NA,0,NA,0,0,7200,NA,NA,6058216022,1,NA,0,7200,"Ad Rock","0","RockClimbing","2021-10-02T18:00:54Z",NA,0
"303",0,1,NA,NA,0,NA,0,0,3600,NA,NA,6058213319,0,NA,0,3600,"Evening Activity","0","RockClimbing","2021-10-01T00:00:00Z",NA,0
"304",0,1,NA,"133.2",21.3264,"24",0,3.7259,629,277.6,265,6040938828,1,"156",27.72,629,"Night Ride","0","Ride","2021-09-30T03:41:13Z","3",16
"305",0,1,NA,"129",16.9092,"25",0,3.9642,902,282.8,264.8,6040491708,0,"165",24.48,844,"Evening Ride","0","Ride","2021-09-30T00:07:15Z","4",29
"306",0,2,"80","167.8",10.404,"27",0,8.9723,3253,276.6,266.8,6040244578,6,"188",14.04,3105,"Afternoon Run","0","Run","2021-09-29T22:10:01Z","89",19
"307",0,1,"57.4","93.4",4.4856,"27",1,5.1094,4200,2221,2139.8,6030361743,5,"122",7.92,4101,"Taggart Lake","0","Walk","2021-09-27T21:52:17Z","7",98
"308",0,1,"58.2","100.8",4.1832,"20",0,6.2829,5844,2282.8,2090.6,6009151371,2,"126",9.36,5405,"Afternoon Walk","0","Walk","2021-09-23T22:09:23Z","12",78
"309",0,2,"69.8","134.6",5.9508,"20",0,19.2553,12276,2740.4,2212.8,6009150564,5,"180",16.2,11646,"Lunch Run","0","Run","2021-09-23T18:44:18Z","72",562
"310",1,1,"86","176.8",11.9052,"20",0,5.6709,1842,249,236.4,6001012293,3,"190",18.72,1715,"Morning Run","0","Run","2021-09-22T12:16:06Z","70",26
"311",0,1,NA,NA,0,NA,0,0,10800,NA,NA,5992313115,1,NA,0,10800,"Lunch Activity","0","RockClimbing","2021-09-19T17:30:57Z",NA,0
"312",1,1,"24.5","96.7",3.0024,"32",0,2.3209,3329,257.2,256.8,5982140999,3,"110",7.2,2783,"Afternoon Activity","1","StandUpPaddling","2021-09-18T20:18:13Z","5",0
"313",0,1,"83.4","176.9",11.5668,"25",0,6.1462,1984,224.8,208.6,5976794232,1,"192",27.36,1913,"Afternoon Run","0","Run","2021-09-17T22:52:52Z","78",28
"314",0,1,NA,NA,0,NA,0,0,7200,NA,NA,5972694132,1,NA,0,7200,"Evening Activity","0","RockClimbing","2021-09-17T00:00:00Z",NA,0
"315",0,1,NA,"109.5",0,"26",0,0,3338,255.2,247.8,5961738783,1,"158",0,3338,"Strength Training w/Keith","0","Workout","2021-09-14T23:01:52Z","8",0
"316",1,1,NA,"134.9",21.3264,"23",0,7.5593,1276,216,207.2,5951552162,0,"154",26.64,1276,"Evening Ride","0","Ride","2021-09-13T01:11:52Z","6",13
"317",0,1,NA,NA,0,NA,0,0,7200,NA,NA,5951617725,0,NA,0,7200,"MWC Meetup","0","RockClimbing","2021-09-12T23:30:00Z",NA,0
"318",0,1,NA,"139.5",20.0988,"24",0,7.4368,1332,222,212.4,5951262514,0,"159",25.56,1332,"Afternoon Ride","0","Ride","2021-09-12T22:47:44Z","8",10
"319",6,1,NA,"123.2",19.872,"24",0,17.7249,4649,233.6,209.2,5949853157,0,"178",36.36,3211,"Morning Ride","2","Ride","2021-09-12T15:36:03Z","12",65
"320",0,1,NA,NA,0,NA,0,0,18000,NA,NA,5951618633,0,NA,0,18000,"Boulder Bash","0","RockClimbing","2021-09-11T16:30:00Z",NA,0
"321",2,1,NA,"117.4",20.5164,"24",0,4.0974,719,209,188,5929767611,0,"132",33.12,719,"Evening Ride","2","Ride","2021-09-09T01:31:09Z","2",22
"322",0,1,NA,"122.8",22.0752,"24",0,4.9426,862,195,189.2,5929301300,2,"140",30.6,806,"To the MWC Potluck","0","Ride","2021-09-08T22:51:54Z","2",8
"323",1,1,NA,"126.2",20.0916,"24",0,9.3754,1762,219.8,198.4,5924030332,3,"146",32.04,1680,"Bike home from Summit","0","Ride","2021-09-08T00:01:29Z","6",25
"324",0,1,NA,"88",0,"27",0,0,2840,209.6,209.6,5924030263,1,"136",0,2840,"Strength Training w/Keith","0","Workout","2021-09-07T23:07:24Z","4",0
"325",1,1,"82.3","174.4",10.8864,"28",0,9.2464,3107,208,196,5917747602,2,"188",21.24,3058,"Afternoon Run","0","Run","2021-09-06T20:40:17Z","113",22
"326",3,1,NA,"136",20.9916,"27",0,6.4254,1174,208,190.4,5916135607,2,"162",29.52,1102,"Lunch Ride","1","Ride","2021-09-06T16:27:48Z","6",30
"327",3,1,NA,"136.2",19.332,"26",0,5.7618,1073,229,186.4,5916135567,1,"166",28.8,1073,"Morning Ride","1","Ride","2021-09-06T15:35:47Z","6",38
"328",0,1,NA,NA,0,NA,0,0,7200,NA,NA,5916214094,0,NA,0,7200,"Evening Climbs","0","RockClimbing","2021-09-05T20:45:00Z",NA,0
"329",0,2,"25.9","81.5",3.6972,"27",0,2.3664,2394,257,257,5906704793,3,"104",7.2,2305,"Afternoon Activity","0","Kayaking","2021-09-04T22:36:48Z","3",0
"330",0,1,NA,NA,0,NA,0,0,7200,NA,NA,5891315684,1,NA,0,7200,"With Dan!","0","RockClimbing","2021-09-02T00:15:00Z",NA,0
"331",7,1,NA,"138.4",21.1248,"24",0,10.9554,1922,278,225.8,5890721474,2,"172",32.4,1867,"Evening Ride","0","Ride","2021-09-01T23:26:15Z","14",41
"332",0,1,NA,"134.9",20.7756,"27",0,12.1021,2701,276.6,257,5890295939,2,"168",36.72,2097,"To Erin’s house!","0","Ride","2021-09-01T21:07:33Z","14",40
"333",0,1,NA,"138.9",15.8004,"24",0,6.0962,1863,241.4,231.8,5885712275,1,"166",31.68,1389,"Evening Ride","0","Ride","2021-09-01T01:34:09Z","11",9
"334",0,1,NA,NA,0,NA,0,0,5400,NA,NA,5885796687,1,NA,0,5400,"Evening Activity","0","RockClimbing","2021-09-01T00:10:00Z",NA,0
"335",0,1,NA,"124.4",20.0196,"23",0,7.4236,1403,244.4,235.6,5885279559,1,"151",27,1335,"Evening Ride","0","Ride","2021-08-31T23:43:04Z","4",13
"336",0,1,NA,"99.2",0,"30",0,0,3148,249,243.6,5879683966,1,"151",0,3148,"Climbing Fitness w/Patrick","0","Workout","2021-08-30T23:03:37Z","6",0
"337",0,1,NA,NA,0,NA,0,0,6000,NA,NA,5874610131,1,NA,0,6000,"Afternoon Activity","0","RockClimbing","2021-08-29T18:20:00Z",NA,0
"338",1,1,"83.9","180.9",10.3212,"33",0,4.7213,1661,273,269,5868301670,2,"196",15.84,1647,"Party Tri - Run (3/3)","0","Run","2021-08-28T18:19:23Z","79",6
"339",19,1,NA,"154.9",22.1076,"31",0,28.9294,5522,321,270.4,5868301232,6,"184",36.72,4711,"Party Tri - Bike (2/3) ","9","Ride","2021-08-28T16:46:33Z","96",108
"340",0,4,"36.2","119.1",6.8976,"33",0,1.3335,696,257,257,5867685181,4,"156",8.28,696,"Party Tri - Paddle (1/3)","0","Kayaking","2021-08-28T16:28:59Z","2",0
"341",0,1,NA,NA,0,NA,0,0,6000,NA,NA,5859519749,2,NA,0,6000,"Evening Activity","0","RockClimbing","2021-08-27T00:50:00Z",NA,0
"342",0,2,"79.7","167.8",9.792,"28",0,9.7932,3907,383.8,345.4,5842394005,5,"197",34.2,3600,"Evening Run","0","Run","2021-08-23T23:08:32Z","101",139
"343",2,1,"83.4","173.7",11.4228,"27",0,5.701,1802,300.6,292.8,5837310213,4,"193",20.88,1797,"Evening Run","0","Run","2021-08-22T23:02:34Z","64",13
"344",0,1,NA,NA,0,NA,0,0,7200,NA,NA,5837341181,2,NA,0,7200,"Afternoon Activity","0","RockClimbing","2021-08-22T20:00:00Z",NA,0
"345",0,1,"26.2","98.5",4.8204,"32",0,4.6183,3530,257.7,256.9,5836199907,5,"134",6.84,3449,"First paddle with the new yak","0","Kayaking","2021-08-22T16:56:02Z","7",0
"346",0,1,NA,NA,0,NA,0,0,7200,NA,NA,5837340068,2,NA,0,7200,"Evening Activity","0","RockClimbing","2021-08-20T00:00:00Z",NA,0
"347",0,1,NA,NA,0,NA,0,0,7200,NA,NA,5837338703,0,NA,0,7200,"Afternoon Activity","0","RockClimbing","2021-08-18T00:15:00Z",NA,0
"348",11,2,NA,NA,11.0664,NA,0,12.2414,5124,281.5,259,5799549589,6,NA,28.44,3982,"Afternoon Run","1","Run","2021-08-15T21:44:24Z",NA,71.4
"349",0,1,NA,NA,0,NA,0,0,7200,NA,NA,5802219457,0,NA,0,7200,"Afternoon Activity","0","RockClimbing","2021-08-15T19:30:00Z",NA,0
"350",0,1,NA,NA,0,NA,0,0,7200,NA,NA,5773009830,1,NA,0,7200,"Evening Activity","0","RockClimbing","2021-08-11T00:15:00Z",NA,0
"351",2,1,NA,NA,11.7612,NA,0,5.3673,1751,273,258.6,5766811830,6,NA,21.96,1643,"Quick break from packing","0","Run","2021-08-10T01:02:15Z",NA,22.4
"352",0,2,"76.4","150.4",8.298,"31",0,6.5957,3012,203.6,175.4,5755405207,1,"175",12.6,2862,"What a day","0","Run","2021-08-07T20:00:34Z","36",43
"353",0,1,"84.3","177.8",11.2104,"26",0,8.7945,2834,548.4,530.2,5748478416,2,"190",18.72,2824,"Morning Run","0","Run","2021-08-06T13:45:18Z","117",52
"354",0,1,NA,NA,0,NA,0,0,3600,NA,NA,5748518230,0,NA,0,3600,"Evening Activity","0","RockClimbing","2021-08-06T01:00:00Z",NA,0
"355",3,1,NA,"131.2",20.4984,"29",0,10.9036,3609,547.6,526.2,5745189236,5,"180",32.4,1915,"Smol mater, large zuc ","0","Ride","2021-08-05T19:24:17Z","9",69
"356",0,1,NA,"76.4",0,"27",0,0,820,NA,NA,5739276002,2,"109",0,820,"Desk Yoga","0","Yoga","2021-08-04T18:42:10Z","1",0
"357",0,1,NA,"84.7",0,"29",0,0,3162,NA,NA,5735143693,1,"121",0,3162,"Post-Run Yoga","0","Yoga","2021-08-03T23:40:14Z","5",0
"358",2,8,"82.2","172.3",10.4544,"28",0,9.9988,3450,562,533,5734839295,3,"189",14.76,3443,"Madison Trail Runners meetup!","0","Run","2021-08-03T22:35:42Z","119",59
"359",0,1,NA,"146.8",0,"28",0,0,5999,557.8,543.8,5729288543,2,"191",0,5999,"Soccer","0","Workout","2021-08-02T22:35:38Z","75",0
"360",0,1,"80.4","130.7",11.6172,"27",0,0.6518,210,552,546.8,5728878808,0,"140",17.64,202,"Afternoon Run","0","Run","2021-08-02T22:22:10Z","0",2
"361",3,1,"83.4","168.7",11.4588,"25",0,8.8324,2800,455.2,437.6,5713009294,2,"190",16.92,2775,"Afternoon Run","0","Run","2021-07-30T22:18:55Z","80",52
"362",0,1,NA,NA,0,NA,0,0,7200,NA,NA,5712805129,0,NA,0,7200,"Evening Activity","0","RockClimbing","2021-07-30T00:20:00Z",NA,0
"363",0,1,NA,"74.7",0,"30",0,0,1513,NA,NA,5706275830,1,"120",0,1513,"Evening Activity","0","Yoga","2021-07-28T23:29:17Z","1",0
"364",0,1,NA,NA,0,NA,0,0,7200,NA,NA,5698573821,0,NA,0,7200,"Evening Activity","0","RockClimbing","2021-07-28T00:00:00Z",NA,0
"365",0,1,NA,"123.7",0,"31",0,0,1082,467.8,461.6,5692537658,0,"154",0,1082,"Soccer","0","Workout","2021-07-26T22:30:33Z","3",0
"366",0,1,"25.6","108.9",3.1032,"31",0,2.6938,3489,258.2,256.8,5687531371,1,"144",7.56,3125,"Afternoon Activity","0","StandUpPaddling","2021-07-25T22:24:21Z","8",0
"367",0,1,NA,NA,0,NA,0,0,7200,NA,NA,5687114085,1,NA,0,7200,"Lunch Activity","0","RockClimbing","2021-07-25T17:15:00Z",NA,0
"368",0,1,NA,NA,0,NA,0,0,9000,NA,NA,5671992284,0,NA,0,9000,"Evening Activity","0","RockClimbing","2021-07-23T00:25:44Z",NA,0
"369",0,1,NA,"68",0,"27",0,0,3673,NA,NA,5667528532,0,"107",0,3673,"MWC Yoga","0","Yoga","2021-07-21T23:31:37Z","3",0
"370",0,1,NA,"118.1",18.8136,"27",0,7.5414,1474,425.6,414.2,5665561832,0,"146",31.32,1443,"Night Ride","0","Ride","2021-07-21T02:22:35Z","4",12
"371",0,1,NA,"117.7",19.836,"28",0,7.3613,1336,423.2,415.2,5660768527,0,"151",27.36,1336,"Evening Ride","0","Ride","2021-07-21T00:02:46Z","4",12
"372",0,1,NA,NA,0,NA,0,0,7200,NA,NA,5665567193,0,NA,0,7200,"Evening Activity","0","RockClimbing","2021-07-20T00:20:59Z",NA,0
"373",0,1,"81.4","127.6",11.7828,"28",0,0.8216,251,448.6,437.2,5654742345,2,"171",15.12,251,"Warm up for soccer","0","Run","2021-07-19T22:13:50Z","1",2
"374",0,1,NA,NA,0,NA,0,0,10800,NA,NA,5665908934,2,NA,0,10800,"Lunch Activity","0","RockClimbing","2021-07-18T16:30:00Z",NA,0
"375",1,1,NA,"138.9",20.4696,"29",1,4.8842,1341,412,390.8,5643931209,6,"174",32.4,859,"First carrots!","0","Ride","2021-07-17T20:30:28Z","6",25
"376",1,1,NA,"114",19.0224,"28",0,4.7606,901,409.2,389.6,5643510773,0,"153",28.08,901,"Afternoon Ride","0","Ride","2021-07-17T19:22:49Z","3",25
"377",0,1,"81.4","173.5",10.7028,"28",0,8.798,2960,380.6,353.4,5637728995,4,"192",21.96,2959,"Lunch Run","0","Run","2021-07-16T17:16:29Z","103",62
"378",0,1,NA,NA,0,NA,0,0,9000,NA,NA,5637113249,0,NA,0,9000,"Evening Activity","0","RockClimbing","2021-07-16T00:00:00Z",NA,0
"379",0,1,NA,"83.9",0,"27",0,0,4127,NA,NA,5629140289,0,"141",0,4127,"MWC Yoga","0","Yoga","2021-07-14T23:37:44Z","6",0
"380",1,3,NA,"114.1",18.9252,"26",0,7.5223,1519,304.6,292.6,5624194140,2,"137",30.6,1431,"Night Ride","0","Ride","2021-07-14T02:20:05Z","4",14
"381",1,1,NA,"136.2",20.3256,"29",0,8.4858,1523,324,300.2,5623609287,1,"162",32.04,1503,"Evening Ride","0","Ride","2021-07-13T23:26:47Z","9",24
"382",0,1,NA,NA,0,NA,0,0,9000,NA,NA,5613802700,0,NA,0,9000,"MWC Night","0","RockClimbing","2021-07-11T23:00:00Z",NA,0
"383",0,2,"78.9","158.3",9.2196,"27",0,9.3415,3898,277.6,259.8,5607575696,4,"187",18,3647,"Afternoon Run","0","Run","2021-07-10T21:25:13Z","64",41
"384",0,1,NA,NA,0,NA,0,0,5400,NA,NA,5607938734,0,NA,0,5400,"Morning Activity","0","RockClimbing","2021-07-10T12:00:00Z",NA,0
"385",0,1,"22.8","86.5",3.4632,"28",0,4.2326,6246,260.2,256.9,5602080911,0,"110",12.96,4400,"Afternoon Kayak","0","Kayaking","2021-07-09T22:25:17Z","7",2.3
"386",0,1,NA,NA,0,NA,0,0,7200,NA,NA,5602445879,0,NA,0,7200,"Evening Activity","0","RockClimbing","2021-07-09T00:00:00Z",NA,0
"387",4,1,NA,"128.4",21.1032,"24",0,9.5966,2954,287.4,262.8,5597006773,0,"157",29.88,1637,"First harvest of the season","2","Ride","2021-07-08T21:09:37Z","6",52
"388",0,1,"58.2","94.1",5.022,"25",0,3.8907,2954,283.2,268.6,5592588021,2,"124",10.8,2790,"Evening Walk","0","Walk","2021-07-08T01:07:41Z","5",48
"389",0,1,NA,"71.6",0,"30",0,0,3772,NA,NA,5592376150,0,"103",0,3772,"MWC Yoga","0","Yoga","2021-07-07T23:34:24Z","4",0
"390",0,1,NA,NA,0,NA,0,0,7200,NA,NA,5602446957,0,NA,0,7200,"Evening Activity","0","RockClimbing","2021-07-07T00:00:00Z",NA,0
"391",0,1,NA,"123.5",18.8748,"32",0,4.7767,911,296,275,5586511791,0,"151",30.96,911,"Afternoon Ride","0","Ride","2021-07-06T21:39:44Z","3",22
"392",0,1,NA,"103.2",13.9212,"31",0,4.9344,1276,285.2,266.2,5581668764,1,"129",25.2,1276,"Evening Ride","0","Ride","2021-07-05T23:06:07Z","2",22
"393",1,1,NA,"111.5",13.7556,"33",0,4.7874,1253,284.2,262.4,5581354398,1,"176",23.04,1253,"Afternoon Ride","1","Ride","2021-07-05T21:49:39Z","3",30
"394",0,1,"62.1","99.3",5.7096,"33",0,2.3122,1458,323,299.2,5580152996,0,"118",10.08,1458,"Lunch Walk","0","Walk","2021-07-05T17:38:19Z","3",25
"395",0,1,NA,NA,0,NA,0,0,7200,NA,NA,5586305309,0,NA,0,7200,"Evening Activity","0","RockClimbing","2021-07-02T00:15:00Z",NA,0
"396",0,1,NA,NA,0,NA,0,0,3600,NA,NA,5555801400,1,NA,0,3600,"MWC Yoga","0","Yoga","2021-06-30T23:30:56Z",NA,0
"397",0,1,NA,NA,20.0772,NA,0,7.6018,1382,265.3,258.6,5551016846,0,NA,29.16,1363,"Night Ride","0","Ride","2021-06-30T02:37:05Z",NA,9.6
"398",0,1,NA,NA,0,NA,0,0,7200,NA,NA,5551073636,1,NA,0,7200,"Evening Activity","0","RockClimbing","2021-06-30T00:30:00Z",NA,0
"399",0,2,NA,NA,18.3672,NA,0,7.2602,1454,265.3,258.4,5550623722,0,NA,27.36,1423,"Evening Ride","0","Ride","2021-06-29T23:56:35Z",NA,11.7
"400",20,1,NA,NA,21.5928,NA,0,32.3132,5658,286.2,258.7,5545356514,3,NA,37.08,5387,"Afternoon Ride","14","Ride","2021-06-28T22:28:38Z",NA,200
"401",4,1,NA,NA,11.7396,NA,1,4.5224,1399,278.5,259.6,5539959304,4,NA,24.12,1387,"Afternoon Run","2","Run","2021-06-27T19:23:39Z",NA,25.8
"402",5,1,NA,NA,12.3696,NA,0,4.6009,1345,276.7,259.6,5539756503,1,NA,19.8,1339,"Afternoon Run","5","Run","2021-06-27T18:35:51Z",NA,21.4
"403",0,1,NA,NA,0,NA,0,0,10800,NA,NA,5539531157,1,NA,0,10800,"Ad Rock MKE","0","RockClimbing","2021-06-26T16:00:00Z",NA,0
"404",0,1,NA,NA,0,NA,0,0,3600,NA,NA,5519500446,0,NA,0,3600,"MWC Yoga","0","Yoga","2021-06-23T23:30:00Z",NA,0
"405",0,1,NA,NA,0,NA,0,0,10800,NA,NA,5517900046,1,NA,0,10800,"Afternoon Activity","0","RockClimbing","2021-06-22T22:00:00Z",NA,0
"406",5,1,NA,NA,22.3668,NA,0,4.765,767,278.7,259,5508313673,1,NA,34.92,767,"Evening Ride","3","Ride","2021-06-21T23:11:30Z",NA,26.5
"407",2,1,NA,NA,21.168,NA,0,5.0682,898,277.3,259,5508124926,0,NA,31.32,862,"Afternoon Ride","0","Ride","2021-06-21T22:08:52Z",NA,31.7
"408",3,2,NA,NA,10.332,NA,0,8.3942,4073,277.9,258.1,5492439365,1,NA,26.28,2925,"Afternoon Run","0","Run","2021-06-18T22:43:37Z",NA,45.5
"409",0,1,NA,NA,0,NA,0,0,7200,NA,NA,5490304103,1,NA,0,7200,"Evening Activity","0","RockClimbing","2021-06-18T00:15:00Z",NA,0
"410",0,1,NA,NA,0,NA,0,0,3600,NA,NA,5482876917,0,NA,0,3600,"MWC Yoga","0","Yoga","2021-06-16T23:30:00Z",NA,0
"411",1,1,NA,NA,21.114,NA,0,4.6917,800,278.6,259,5482412144,0,NA,34.92,800,"Afternoon Ride","0","Ride","2021-06-16T22:25:33Z",NA,26.6
"412",3,1,NA,NA,20.0628,NA,0,5.0549,912,277.3,259,5482321785,0,NA,32.4,907,"Afternoon Ride","1","Ride","2021-06-16T21:55:54Z",NA,31.7
"413",0,1,NA,NA,0,NA,0,0,8100,NA,NA,5477570874,2,NA,0,8100,"Evening Activity","0","RockClimbing","2021-06-16T00:20:00Z",NA,0
"414",18,1,NA,NA,20.7252,NA,0,24.6357,4517,281.2,258.6,5471013684,2,NA,37.44,4279,"Afternoon Ride","4","Ride","2021-06-14T21:52:07Z",NA,131.1
"415",5,1,NA,NA,20.952,NA,0,4.7724,841,278.7,259,5469036609,0,NA,33.84,820,"Lunch Ride","1","Ride","2021-06-14T16:04:50Z",NA,26.5
"416",3,1,NA,NA,21.2148,NA,0,5.056,858,277.3,259,5468921770,1,NA,31.68,858,"Morning Ride","0","Ride","2021-06-14T15:40:59Z",NA,31.7
"417",2,1,NA,NA,19.2744,NA,0,5.429,1094,277.3,259,5454228420,4,NA,31.68,1014,"Garden is coming along ","2","Ride","2021-06-12T00:46:04Z",NA,30.6
"418",5,1,NA,NA,20.862,NA,0,5.0594,946,277.3,259,5453995907,0,NA,34.2,873,"Evening Ride","4","Ride","2021-06-11T23:19:03Z",NA,31.7
"419",0,1,NA,NA,0,NA,0,0,7200,NA,NA,5466312606,1,NA,0,7200,"Evening Activity","0","RockClimbing","2021-06-11T00:30:00Z",NA,0
"420",0,1,NA,NA,11.7,NA,1,7.3705,2429,4.4,0.6,5428585337,3,NA,18.72,2268,"Next level humidity ","0","Run","2021-06-07T10:46:33Z",NA,3.7
"421",1,1,NA,NA,19.566,NA,0,5.4835,1107,287.1,259,5414200651,0,NA,33.84,1009,"Afternoon Ride","1","Ride","2021-06-04T22:12:53Z",NA,42.4
"422",0,1,NA,NA,19.3392,NA,0,4.9529,955,277.3,259,5413928441,0,NA,31.32,922,"Afternoon Ride","0","Ride","2021-06-04T20:43:10Z",NA,31.7
"423",0,2,NA,NA,11.2896,NA,0,7.6247,3543,267.9,258.3,5363924349,2,NA,33.48,2431,"Afternoon Run","0","Run","2021-05-26T22:32:43Z",NA,12.9
"424",0,3,NA,NA,19.4832,NA,0,7.5717,1437,265.3,258.4,5358988587,1,NA,36.72,1399,"Night Ride","0","Ride","2021-05-26T02:47:29Z",NA,9.7
"425",0,2,NA,NA,21.0456,NA,0,7.425,1382,265.3,258.4,5358483452,0,NA,34.56,1270,"Evening Ride","0","Ride","2021-05-25T23:50:52Z",NA,11.9
"426",2,1,NA,NA,20.646,NA,0,5.7067,1027,277.3,259,5346554349,0,NA,32.4,995,"Lunch Ride","1","Ride","2021-05-23T17:31:57Z",NA,31.2
"427",1,1,NA,NA,20.916,NA,0,5.0664,876,277.3,259,5346379178,0,NA,30.6,872,"Lunch Ride","0","Ride","2021-05-23T17:02:10Z",NA,31.7
"428",0,2,NA,NA,5.328,NA,0,2.708,2553,257.8,257,5341393190,3,NA,87.48,1830,"Afternoon Activity","0","Canoeing","2021-05-22T20:38:52Z",NA,0
"429",3,1,NA,NA,19.7244,NA,0,5.5283,1148,277.3,259,5331219678,0,NA,35.28,1009,"Afternoon Ride","0","Ride","2021-05-20T21:48:55Z",NA,30.4
"430",3,1,NA,NA,20.268,NA,0,5.101,982,277.3,259,5331112742,0,NA,30.6,906,"Afternoon Ride","0","Ride","2021-05-20T21:19:06Z",NA,31.7
"431",3,2,NA,NA,11.7792,NA,0,7.4645,2865,273.1,258.4,5325981536,0,NA,23.4,2281,"Afternoon Run","2","Run","2021-05-19T21:55:41Z",NA,7.3
"432",0,1,NA,NA,0,NA,0,0,7200,NA,NA,5323426232,0,NA,0,7200,"Evening Activity","0","RockClimbing","2021-05-19T00:15:00Z",NA,0
"433",2,1,NA,NA,12.0312,NA,0,8.643,2890,280.5,258.5,5308782628,1,NA,38.88,2586,"Lunch Run","0","Run","2021-05-16T17:08:19Z",NA,43.9
"434",10,2,NA,NA,11.6748,NA,0,10.0004,4294,288.8,259.3,5287054832,2,NA,33.48,3084,"Afternoon Run","6","Run","2021-05-12T22:21:55Z",NA,57.1
"435",1,2,NA,NA,19.1916,NA,0,8.6197,1681,280.4,258.4,5282158790,1,NA,39.24,1617,"Night Ride","0","Ride","2021-05-12T03:05:33Z",NA,33.7
"436",0,1,NA,NA,0,NA,0,0,9000,NA,NA,5283905845,0,NA,0,9000,"Evening Activity","0","RockClimbing","2021-05-12T00:30:00Z",NA,0
"437",1,2,NA,NA,20.4516,NA,0,6.9076,1335,265.3,258.4,5281716188,1,NA,30.6,1216,"Evening Ride","0","Ride","2021-05-11T23:59:36Z",NA,11.3
"438",0,1,NA,NA,0,NA,0,0,7200,NA,NA,5283902054,0,NA,0,7200,"MWC Night ","0","RockClimbing","2021-05-09T23:00:00Z",NA,0
"439",0,1,NA,NA,0,NA,0,0,10800,NA,NA,5283899797,2,NA,0,10800,"Devil’s Lake","0","RockClimbing","2021-05-08T15:30:00Z",NA,0
"440",0,1,NA,NA,0,NA,0,0,4500,NA,NA,5256987581,0,NA,0,4500,"Morning Activity","0","RockClimbing","2021-05-07T12:15:00Z",NA,0
"441",0,1,NA,NA,6.498,NA,0,4.1258,2896,281.5,258.6,5248917719,2,NA,25.2,2286,"Post exam walk","0","Walk","2021-05-05T23:31:53Z",NA,42.9
"442",0,1,NA,NA,0,NA,0,0,7200,NA,NA,5256985506,0,NA,0,7200,"Afternoon Activity","0","RockClimbing","2021-05-04T22:00:00Z",NA,0
"443",0,1,NA,NA,16.1712,NA,0,19.8362,5095,286.2,258.6,5232451834,0,NA,35.28,4416,"Afternoon Ride","0","Ride","2021-05-02T18:44:22Z",NA,111.3
"444",0,1,NA,NA,0,NA,0,0,9900,NA,NA,5230650502,0,NA,0,9900,"Gov Dodge","0","RockClimbing","2021-04-29T22:30:00Z",NA,0
"445",0,1,NA,NA,0,NA,0,0,4200,NA,NA,5212962276,0,NA,0,4200,"MWC Yoga","0","Yoga","2021-04-28T23:00:00Z",NA,0
"446",1,1,NA,NA,12.2724,NA,0,4.7937,1451,273,258.5,5209918285,0,NA,18.72,1406,"Afternoon Run","1","Run","2021-04-28T21:18:59Z",NA,27.7
"447",0,1,NA,NA,0,NA,0,0,7200,NA,NA,5209795869,0,NA,0,7200,"Evening Activity","0","RockClimbing","2021-04-28T00:15:00Z",NA,0
"448",1,1,NA,NA,12.528,NA,0,7.1683,2344,280.5,258.5,5204148807,1,NA,24.12,2060,"Afternoon Run","0","Run","2021-04-27T20:43:40Z",NA,44.3
"449",0,1,NA,NA,0,NA,0,0,3600,NA,NA,5199020680,0,NA,0,3600,"MWC Class at Summit","0","RockClimbing","2021-04-27T00:00:00Z",NA,0
"450",0,1,NA,NA,0,NA,0,0,10800,NA,NA,5198389788,0,NA,0,10800,"Necedah","0","RockClimbing","2021-04-24T16:30:00Z",NA,0
"451",0,1,NA,NA,0,NA,0,0,7200,NA,NA,5175619198,1,NA,0,7200,"Evening Activity","0","RockClimbing","2021-04-23T00:00:00Z",NA,0
"452",0,1,NA,NA,0,NA,0,0,3600,NA,NA,5169872988,0,NA,0,3600,"MWC yoga ","0","Yoga","2021-04-21T23:00:00Z",NA,0
"453",6,1,NA,NA,12.9888,NA,0,7.2635,2237,277.3,258.5,5169311522,2,NA,36.72,2013,"Afternoon Run","6","Run","2021-04-21T21:38:01Z",NA,38.3
"454",0,1,NA,NA,0,NA,0,0,8400,NA,NA,5166902906,0,NA,0,8400,"Evening Activity","0","RockClimbing","2021-04-21T00:00:00Z",NA,0
"455",0,1,NA,NA,0,NA,0,0,5400,NA,NA,5157933931,1,NA,0,5400,"MWC class at Summit","0","RockClimbing","2021-04-20T00:00:00Z",NA,0
"456",15,2,NA,NA,21.7332,NA,0,19.0716,4161,289.3,258.7,5139356043,1,NA,40.68,3159,"Evening Ride","11","Ride","2021-04-17T00:18:15Z",NA,110.2
"457",2,2,NA,NA,23.49,NA,0,18.1988,3877,289.3,259.1,5139007472,0,NA,39.6,2789,"Afternoon Ride","2","Ride","2021-04-16T22:05:54Z",NA,111.8
"458",0,1,NA,NA,0,NA,0,0,3900,NA,NA,5134062201,0,NA,0,3900,"Afternoon Activity","0","Yoga","2021-04-15T22:30:00Z",NA,0
"459",0,1,NA,NA,0,NA,0,0,3600,NA,NA,5128696477,1,NA,0,3600,"MWC yoga","0","Yoga","2021-04-14T23:05:53Z",NA,0
"460",0,1,NA,NA,0,NA,0,0,7200,NA,NA,5127989191,0,NA,0,7200,"Evening Activity","0","RockClimbing","2021-04-14T00:15:00Z",NA,0
"461",1,1,NA,NA,19.8288,NA,0,7.2485,1318,280.4,259.3,5111932733,1,NA,27.36,1316,"Evening Ride","1","Ride","2021-04-12T01:45:07Z",NA,29.4
"462",0,1,NA,NA,0,NA,0,0,9000,NA,NA,5111947227,2,NA,0,9000,"MWC night ","0","RockClimbing","2021-04-11T23:00:00Z",NA,0
"463",1,1,NA,NA,21.9312,NA,0,7.0123,1176,265.3,258.4,5111563744,1,NA,29.52,1151,"Afternoon Ride","0","Ride","2021-04-11T22:41:24Z",NA,8.9
"464",0,1,NA,NA,0,NA,0,0,7200,NA,NA,5111258193,0,NA,0,7200,"Afternoon Activity","0","RockClimbing","2021-04-10T18:00:00Z",NA,0
"465",0,1,NA,NA,0,NA,0,0,7200,NA,NA,5111256607,1,NA,0,7200,"Evening Activity","0","RockClimbing","2021-04-09T00:15:00Z",NA,0
"466",0,1,NA,NA,0,NA,0,0,3600,NA,NA,5111254832,0,NA,0,3600,"Afternoon Activity","0","Yoga","2021-04-08T22:30:00Z",NA,0
"467",0,1,NA,NA,0,NA,0,0,4500,NA,NA,5111253613,0,NA,0,4500,"Evening Activity","0","Yoga","2021-04-07T23:00:00Z",NA,0
"468",0,1,NA,NA,11.8368,NA,0,3.5578,1374,271.5,258.8,5087014536,0,NA,18.36,1082,"Afternoon Run","0","Run","2021-04-07T20:04:51Z",NA,9.6
"469",1,1,NA,NA,21.8232,NA,0,7.5353,1295,265.3,258.6,5082654240,0,NA,33.12,1243,"Night Ride","1","Ride","2021-04-07T02:24:40Z",NA,9.6
"470",0,1,NA,NA,0,NA,0,0,7200,NA,NA,5111252050,0,NA,0,7200,"Evening Activity","0","RockClimbing","2021-04-07T00:00:00Z",NA,0
"471",0,2,NA,NA,22.7052,NA,0,7.4173,1194,265.3,258.4,5082194014,0,NA,38.88,1176,"Evening Ride","0","Ride","2021-04-06T23:39:23Z",NA,11.9
"472",0,1,NA,NA,0,NA,0,0,4500,NA,NA,5077145565,0,NA,0,4500,"MWC class at Summit","0","RockClimbing","2021-04-06T00:00:00Z",NA,0
"473",3,3,NA,NA,21.0924,NA,0,38.5166,10825,335.9,257.4,5070933031,1,NA,47.52,6574,"Afternoon Ride","3","Ride","2021-04-04T21:33:17Z",NA,258.6
"474",0,1,NA,NA,0,NA,0,0,10800,NA,NA,5077144725,0,NA,0,10800,"Gov Dodge - sport + boulder","0","RockClimbing","2021-04-03T15:00:00Z",NA,0
"475",0,1,NA,NA,0,NA,0,0,7200,NA,NA,5058139122,1,NA,0,7200,"Evening Activity","0","RockClimbing","2021-04-02T00:00:00Z",NA,0
"476",0,1,NA,NA,0,NA,0,0,3600,NA,NA,5058378091,0,NA,0,3600,"Afternoon Activity","0","Yoga","2021-04-01T22:30:00Z",NA,0
"477",1,1,NA,NA,11.0844,NA,0,6.478,2516,281.3,258.8,5046713956,1,NA,18.72,2104,"Afternoon Run","0","Run","2021-03-31T22:17:55Z",NA,65.3
"478",0,1,NA,NA,0,NA,0,0,7200,NA,NA,5052086668,1,NA,0,7200,"Evening Activity","0","RockClimbing","2021-03-31T00:00:00Z",NA,0
"479",1,1,NA,NA,10.8432,NA,0,9.612,3842,277,258.6,5034244589,2,NA,16.2,3191,"Run with Katie! ☺️","0","Run","2021-03-29T22:18:03Z",NA,36.9
"480",1,2,NA,NA,11.1744,NA,0,7.5923,3209,304.8,260.9,5028343823,1,NA,16.2,2446,"Afternoon Run","0","Run","2021-03-28T19:39:36Z",NA,76.7
"481",0,1,NA,NA,0,NA,0,0,8100,NA,NA,5028057628,1,NA,0,8100,"Afternoon Activity","0","RockClimbing","2021-03-27T19:00:00Z",NA,0
"482",0,1,NA,NA,6.6132,NA,0,3.7356,2033,281.3,259.9,5016046701,2,NA,21.6,2033,"Evening Walk","0","Walk","2021-03-26T23:05:53Z",NA,45.4
"483",0,1,NA,NA,0,NA,0,0,7200,NA,NA,5011548717,0,NA,0,7200,"Evening Activity","0","RockClimbing","2021-03-26T00:05:00Z",NA,0
"484",0,1,NA,NA,0,NA,0,0,3600,NA,NA,5011097685,1,NA,0,3600,"Afternoon Activity","0","Yoga","2021-03-25T22:30:00Z",NA,0
"485",0,1,NA,NA,6.1812,NA,0,3.2735,1906,281.3,260.1,5009399383,0,NA,10.44,1906,"Lunch Walk","0","Walk","2021-03-25T17:39:28Z",NA,38.9
"486",10,2,NA,NA,11.2284,NA,0,9.4269,4057,276.6,259,5005354619,2,NA,18.72,3022,"Afternoon Run","2","Run","2021-03-24T22:28:48Z",NA,38
"487",0,1,NA,NA,0,NA,0,0,7200,NA,NA,5005742770,0,NA,0,7200,"Evening Activity","0","RockClimbing","2021-03-24T00:15:00Z",NA,0
"488",0,1,NA,NA,0,NA,0,0,1800,NA,NA,5005741669,0,NA,0,1800,"Afternoon Activity","0","Yoga","2021-03-23T22:00:00Z",NA,0
"489",0,1,NA,NA,4.8816,NA,0,6.8961,5771,280.7,258.4,4993578449,1,NA,14.04,5084,"More steps","0","Walk","2021-03-22T23:03:22Z",NA,22.8
"490",0,1,NA,NA,6.7716,NA,0,1.5668,833,277,263.2,4991812943,0,NA,27.36,833,"Afternoon Walk","0","Walk","2021-03-22T18:07:59Z",NA,20.4
"491",0,1,NA,NA,5.868,NA,0,5.3189,3336,281.3,260.9,4988409924,1,NA,11.52,3263,"Steps steps steps","0","Walk","2021-03-22T01:04:56Z",NA,59
"492",0,1,NA,NA,0,NA,0,0,10800,NA,NA,5005740383,0,NA,0,10800,"The Reserve!","0","RockClimbing","2021-03-21T15:00:57Z",NA,0
"493",0,2,NA,NA,10.962,NA,0,6.6989,2498,291.2,258.4,4980993777,1,NA,15.48,2200,"Afternoon Run","0","Run","2021-03-20T21:12:23Z",NA,84.5
"494",0,1,NA,NA,0,NA,0,0,5400,NA,NA,4974026282,1,NA,0,5400,"Evening Activity","0","RockClimbing","2021-03-19T00:15:00Z",NA,0
"495",0,1,NA,NA,0,NA,0,0,3600,NA,NA,4974023912,0,NA,0,3600,"Afternoon Activity","0","Yoga","2021-03-18T22:30:00Z",NA,0
"496",1,1,NA,NA,11.772,NA,0,5.0089,1602,281.3,258.5,4964251882,0,NA,16.92,1532,"Afternoon Run","0","Run","2021-03-17T20:26:35Z",NA,35.5
"497",0,1,NA,NA,0,NA,0,0,9000,NA,NA,4962773842,1,NA,0,9000,"Racing up the clay walls... ","0","RockClimbing","2021-03-17T00:00:00Z",NA,0
"498",0,1,NA,NA,0,NA,0,0,2400,NA,NA,4954024240,0,NA,0,2400,"Evening Activity","0","Yoga","2021-03-16T00:15:00Z",NA,0
"499",0,1,NA,NA,0,NA,0,0,8100,NA,NA,4948936453,2,NA,0,8100,"Madison Women Climbers night 🙂","0","RockClimbing","2021-03-14T23:00:00Z",NA,0
"500",0,1,NA,NA,0,NA,0,0,2400,NA,NA,4948935532,0,NA,0,2400,"Lunch Activity","0","Yoga","2021-03-14T16:00:00Z",NA,0
"501",0,1,NA,NA,11.826,NA,0,7.0403,2383,280.5,258.5,4936227054,3,NA,17.64,2143,"Afternoon Run","0","Run","2021-03-12T22:03:17Z",NA,44.4
"502",0,1,NA,NA,5.9868,NA,0,6.1327,3857,281.3,258,4926259940,2,NA,24.12,3688,"Gotta get those steps in","0","Walk","2021-03-10T21:40:54Z",NA,43.8
"503",0,1,NA,NA,0,NA,0,0,3600,NA,NA,4926777791,0,NA,0,3600,"Afternoon Activity","0","RockClimbing","2021-03-07T21:00:57Z",NA,0
"504",0,1,NA,NA,0,NA,0,0,9000,NA,NA,4926776898,0,NA,0,9000,"Afternoon Activity","0","RockClimbing","2021-03-06T21:00:00Z",NA,0
"505",0,1,NA,NA,0,NA,0,0,3600,NA,NA,4900386603,0,NA,0,3600,"Night Activity","0","RockClimbing","2021-03-06T03:00:00Z",NA,0
"506",0,1,NA,NA,0,NA,0,0,1500,NA,NA,4886742927,0,NA,0,1500,"Quick yoga","0","Yoga","2021-03-04T01:30:00Z",NA,0
"507",0,1,NA,NA,0,NA,0,0,7200,NA,NA,4886650929,1,NA,0,7200,"First day of climb a mile in March! ","0","RockClimbing","2021-03-03T01:15:00Z",NA,0
"508",0,1,NA,NA,0,NA,0,0,6000,NA,NA,4871394535,0,NA,0,6000,"Afternoon Activity","0","WeightTraining","2021-02-28T18:15:32Z",NA,0
"509",0,1,NA,NA,0,NA,0,0,9900,NA,NA,4862361089,1,NA,0,9900,"Tension board day!","0","RockClimbing","2021-02-27T21:15:00Z",NA,0
"510",0,1,NA,NA,0,NA,0,0,9600,NA,NA,4853484152,2,NA,0,9600,"Evening Activity","0","RockClimbing","2021-02-26T00:15:00Z",NA,0
"511",0,1,NA,NA,0,NA,0,0,7200,NA,NA,4844384711,0,NA,0,7200,"Evening Activity","0","RockClimbing","2021-02-24T01:15:00Z",NA,0
"512",0,1,NA,NA,0,NA,0,0,2100,NA,NA,4833252904,1,NA,0,2100,"Breathe & Flow (Ignite) - day 26","0","Yoga","2021-02-23T02:10:28Z",NA,0
"513",0,1,NA,NA,0,NA,0,0,3600,NA,NA,4827901139,0,NA,0,3600,"Afternoon Activity","0","RockClimbing","2021-02-21T21:00:00Z",NA,0
"514",0,1,NA,NA,0,NA,0,0,3600,NA,NA,4827900547,1,NA,0,3600,"Afternoon Activity","0","WeightTraining","2021-02-21T20:00:00Z",NA,0
"515",5,2,NA,NA,6.0192,NA,0,9.8887,7759,348.5,305.2,4820609813,2,NA,31.68,5916,"Afternoon Activity","1","NordicSki","2021-02-20T21:21:56Z",NA,127.8
"516",0,1,NA,NA,0,NA,0,0,7200,NA,NA,4827899566,0,NA,0,7200,"Morning Activity","0","RockClimbing","2021-02-20T15:00:00Z",NA,0
"517",0,1,NA,NA,0,NA,0,0,6300,NA,NA,4814315521,0,NA,0,6300,"Evening Activity","0","RockClimbing","2021-02-19T00:15:00Z",NA,0
"518",0,1,NA,NA,0,NA,0,0,3000,NA,NA,4814313693,0,NA,0,3000,"Breathe & Flow (Ignite) - day 25","0","Yoga","2021-02-18T23:00:00Z",NA,0
"519",0,1,NA,NA,5.3496,NA,0,0.7773,897,308.2,305.4,4804637563,0,NA,11.88,523,"Too cold","0","NordicSki","2021-02-17T23:34:30Z",NA,2.1
"520",0,1,NA,NA,0,NA,0,0,2700,NA,NA,4803272283,0,NA,0,2700,"Breathe & Flow (Ignite) - day 24","0","Yoga","2021-02-17T13:15:00Z",NA,0
"521",0,1,NA,NA,0,NA,0,0,3000,NA,NA,4791467895,1,NA,0,3000,"Breathe & Flow (Ignite) - day 23","0","Yoga","2021-02-15T13:30:00Z",NA,0
"522",0,1,NA,NA,0,NA,0,0,2700,NA,NA,4788365333,0,NA,0,2700,"Breathe & Flow (Ignite) - day 22","0","Yoga","2021-02-14T19:15:00Z",NA,0
"523",0,1,NA,NA,0,NA,0,0,8400,NA,NA,4788363322,0,NA,0,8400,"Afternoon Activity","0","RockClimbing","2021-02-13T22:20:00Z",NA,0
"524",0,1,NA,NA,0,NA,0,0,2700,NA,NA,4776163425,0,NA,0,2700,"Breathe & Flow (Ignite) - day 20","0","Yoga","2021-02-12T13:15:00Z",NA,0
"525",0,1,NA,NA,0,NA,0,0,2100,NA,NA,4772947401,0,NA,0,2100,"Breathe & Flow (Ignite) - day 19","0","Yoga","2021-02-11T23:11:30Z",NA,0
"526",0,1,NA,NA,0,NA,0,0,2400,NA,NA,4772041687,0,NA,0,2400,"Core workout ","0","Workout","2021-02-11T00:30:00Z",NA,0
"527",0,1,NA,NA,0,NA,0,0,3000,NA,NA,4765547940,0,NA,0,3000,"Breathe & Flow (Ignite) - day 18","0","Yoga","2021-02-10T13:30:00Z",NA,0
"528",0,1,NA,NA,0,NA,0,0,2700,NA,NA,4760173574,0,NA,0,2700,"Breathe & Flow (Ignite) - day 17","0","Yoga","2021-02-09T13:15:00Z",NA,0
"529",0,1,NA,NA,0,NA,0,0,3000,NA,NA,4755046796,0,NA,0,3000,"Breathe & Flow (Ignite) - day 16","0","Yoga","2021-02-08T13:15:18Z",NA,0
"530",0,1,NA,NA,0,NA,0,0,2700,NA,NA,4752977763,0,NA,0,2700,"Breathe & Flow (Ignite) - day 15","0","Yoga","2021-02-07T21:45:00Z",NA,0
"531",0,1,NA,NA,0,NA,0,0,1500,NA,NA,4743697829,0,NA,0,1500,"Breathe & Flow (Ignite) - day 14","0","Yoga","2021-02-06T12:27:54Z",NA,0
"532",0,1,NA,NA,0,NA,0,0,4500,NA,NA,4739663420,0,NA,0,4500,"Morning Activity","0","RockClimbing","2021-02-05T13:30:00Z",NA,0
"533",0,1,NA,NA,0,NA,0,0,4500,NA,NA,4739661252,1,NA,0,4500,"Evening Activity","0","WeightTraining","2021-02-05T01:30:00Z",NA,0
"534",0,1,NA,NA,0,NA,0,0,2100,NA,NA,4733266708,0,NA,0,2100,"Breathe & Flow (Ignite) - day 13","0","Yoga","2021-02-04T13:20:00Z",NA,0
"535",0,1,NA,NA,0,NA,0,0,1800,NA,NA,4728460358,0,NA,0,1800,"Breathe & Flow (Ignite) - day 12","0","Yoga","2021-02-03T13:45:00Z",NA,0
"536",0,1,NA,NA,0,NA,0,0,9000,NA,NA,4725586346,1,NA,0,9000,"Evening Activity","0","RockClimbing","2021-02-03T01:30:00Z",NA,0
"537",0,2,NA,NA,10.0512,NA,0,7.7208,3363,263.9,258.5,4725163418,1,NA,15.84,2765,"Evening Run","0","Run","2021-02-03T00:01:34Z",NA,15.6
"538",0,1,NA,NA,0,NA,0,0,3000,NA,NA,4722463484,0,NA,0,3000,"Breathe & Flow (Ignite) - day 11","0","Yoga","2021-02-02T13:00:00Z",NA,0
"539",0,1,NA,NA,0,NA,0,0,2400,NA,NA,4719389900,0,NA,0,2400,"Afternoon Activity","0","Workout","2021-02-01T22:50:00Z",NA,0
"540",0,1,NA,NA,0,NA,0,0,2700,NA,NA,4719211319,0,NA,0,2700,"Breathe & Flow (Ignite) - day 10","0","Yoga","2021-02-01T22:00:00Z",NA,0
"541",0,1,NA,NA,0,NA,0,0,2100,NA,NA,4714913737,0,NA,0,2100,"Afternoon Activity","0","WeightTraining","2021-01-31T23:00:00Z",NA,0
"542",0,1,NA,NA,0,NA,0,0,7200,NA,NA,4714912741,0,NA,0,7200,"Afternoon Activity","0","RockClimbing","2021-01-31T21:00:00Z",NA,0
"543",0,1,NA,NA,0,NA,0,0,3000,NA,NA,4711929629,0,NA,0,3000,"Breathe & Flow (Ignite) - day 9","0","Yoga","2021-01-31T14:00:00Z",NA,0
"544",0,1,NA,NA,0,NA,0,0,2700,NA,NA,4705722205,0,NA,0,2700,"Breathe & Flow (Ignite) - day 8","0","Yoga","2021-01-30T14:30:00Z",NA,0
"545",0,1,NA,NA,0,NA,0,0,3600,NA,NA,4705725287,0,NA,0,3600,"Evening Activity","0","WeightTraining","2021-01-30T01:15:00Z",NA,0
"546",0,1,NA,NA,0,NA,0,0,1500,NA,NA,4699683937,1,NA,0,1500,"Breathe & Flow (Ignite) - day 7","0","Yoga","2021-01-29T13:25:00Z",NA,0
"547",0,1,NA,NA,0,NA,0,0,2100,NA,NA,4697562879,0,NA,0,2100,"Bicep day","0","WeightTraining","2021-01-28T23:50:35Z",NA,0
"548",0,1,NA,NA,0,NA,0,0,2700,NA,NA,4694988805,0,NA,0,2700,"Breathe & Flow (Ignite) - day 6","0","Yoga","2021-01-28T13:20:00Z",NA,0
"549",0,2,NA,NA,7.0992,NA,0,2.8066,10338,259.6,257,4692869765,2,NA,14.04,1423,"Snow shoe fartleks ","0","Snowshoe","2021-01-27T23:31:55Z",NA,0
"550",0,1,NA,NA,0,NA,0,0,2400,NA,NA,4689649085,0,NA,0,2400,"Breathe & Flow (Ignite) - day 5","0","Yoga","2021-01-27T13:05:00Z",NA,0
"551",0,1,NA,NA,0,NA,0,0,7200,NA,NA,4687671845,0,NA,0,7200,"Evening Activity","0","RockClimbing","2021-01-27T01:10:00Z",NA,0
"552",0,1,NA,NA,0,NA,0,0,3000,NA,NA,4686919270,0,NA,0,3000,"Breathe & Flow (Ignite) - day 4","0","Yoga","2021-01-26T22:15:58Z",NA,0
"553",0,1,NA,NA,0,NA,0,0,2700,NA,NA,4681639810,1,NA,0,2700,"Breathe & Flow (Ignite) - day 3","0","Yoga","2021-01-25T23:00:00Z",NA,0
"554",0,1,NA,NA,12.0708,NA,0,7.1059,2273,273.1,258.5,4681123853,0,NA,16.92,2119,"Afternoon Run","0","Run","2021-01-25T21:02:48Z",NA,13.1
"555",9,2,NA,NA,6.3504,NA,0,6.6526,4715,348.5,306.3,4676143068,2,NA,27,3771,"Lunch Activity","6","NordicSki","2021-01-24T18:38:19Z",NA,101.3
"556",0,1,NA,NA,0,NA,0,0,2400,NA,NA,4676182721,0,NA,0,2400,"Full body workout ","0","Workout","2021-01-24T15:30:00Z",NA,0
"557",0,1,NA,NA,0,NA,0,0,1800,NA,NA,4676180224,0,NA,0,1800,"Breathe & Flow (Ignite) - day 2","0","Yoga","2021-01-24T15:00:00Z",NA,0
"558",0,1,NA,NA,0,NA,0,0,7200,NA,NA,4670856805,0,NA,0,7200,"Saturday climbs ","0","RockClimbing","2021-01-23T21:00:00Z",NA,0
"559",0,1,NA,NA,0,NA,0,0,3300,NA,NA,4670855459,0,NA,0,3300,"Breathe & Flow (Ignite) - day 1","0","Yoga","2021-01-23T18:30:00Z",NA,0
"560",0,1,NA,NA,0,NA,0,0,9000,NA,NA,4660453508,0,NA,0,9000,"Evening Activity","0","RockClimbing","2021-01-22T01:10:00Z",NA,0
"561",0,1,NA,NA,0,NA,0,0,3600,NA,NA,4660452582,0,NA,0,3600,"Evening yoga","0","Yoga","2021-01-21T23:30:00Z",NA,0
"562",1,2,NA,NA,10.1412,NA,0,7.4265,3585,273.2,258.3,4649544985,1,NA,16.56,2636,"Afternoon Run","0","Run","2021-01-19T23:15:00Z",NA,20.1
"563",0,1,NA,NA,0,NA,0,0,8106,NA,NA,4644702334,0,NA,0,8106,"Evening Activity","0","RockClimbing","2021-01-19T01:00:00Z",NA,0
"564",2,2,NA,NA,5.2524,NA,0,6.3315,6318,348.5,306.3,4638299291,3,NA,26.28,4341,"Lunch Activity","0","NordicSki","2021-01-17T18:14:50Z",NA,90.8
"565",0,1,NA,NA,0,NA,0,0,7500,NA,NA,4632138132,0,NA,0,7500,"Afternoon Activity","0","RockClimbing","2021-01-16T19:15:00Z",NA,0
"566",0,1,NA,NA,0,NA,0,0,2100,NA,NA,4627104553,0,NA,0,2100,"Virtual Friday Psych","0","Workout","2021-01-16T00:00:00Z",NA,0
"567",0,1,NA,NA,0,NA,0,0,3600,NA,NA,4624480029,1,NA,0,3600,"Morning climbs","0","RockClimbing","2021-01-15T13:30:00Z",NA,0
"568",2,2,NA,NA,8.7732,NA,0,6.0387,2668,269.6,258.3,4622238446,1,NA,26.28,2478,"Snowy run","0","Run","2021-01-15T00:56:53Z",NA,25.9
"569",0,1,NA,NA,0,NA,0,0,3901,NA,NA,4622071321,0,NA,0,3901,"Afternoon Yoga","0","Yoga","2021-01-14T23:36:49Z",NA,0
"570",0,1,NA,NA,2.268,NA,4,1.1568,2708,258.7,257.6,4617023522,1,NA,5.76,1836,"Afternoon Activity","0","IceSkate","2021-01-13T23:47:49Z",NA,0
"571",2,2,NA,NA,10.4004,NA,0,8.0566,3442,273,258.5,4606401292,1,NA,18.36,2789,"Afternoon Run","0","Run","2021-01-11T23:51:53Z",NA,27.8
"572",0,1,NA,NA,0,NA,0,0,3900,NA,NA,4585109996,0,NA,0,3900,"Evening yoga","0","Yoga","2021-01-07T23:32:00Z",NA,0
"573",3,1,NA,NA,6.3,NA,0,7.0922,4672,348.5,306.3,4579540284,1,NA,24.84,4052,"Afternoon Activity","1","NordicSki","2021-01-06T22:44:38Z",NA,101.7
"574",3,1,NA,NA,11.4408,NA,0,7.1368,2505,271.6,258.5,4568294810,1,NA,15.84,2246,"Afternoon Run","2","Run","2021-01-04T22:22:33Z",NA,16.5
"575",0,2,NA,NA,4.6656,"19",0,5.9188,6191,751,704.8,4562397061,1,NA,20.16,4567,"First cross country ski 🙂","0","NordicSki","2021-01-02T20:18:41Z",NA,97
"576",1,2,NA,NA,9.9,NA,0,8.3506,3386,266,258.5,4551093416,2,NA,13.32,3037,"Afternoon Run","0","Run","2021-01-01T21:10:58Z",NA,14.9
"577",0,1,NA,NA,12.15,NA,0,5.0254,1588,273.1,258.5,4455564832,0,NA,15.48,1489,"Beautiful day","0","Run","2020-12-10T19:07:19Z",NA,27.6
"578",0,1,NA,NA,0,NA,0,0,3900,NA,NA,4382024232,0,NA,0,3900,"Sun salutations + surprise practice ","0","Yoga","2020-11-23T23:26:42Z",NA,0
"579",1,2,NA,NA,10.332,NA,0,11.3089,4523,273.1,258.5,4372017906,2,NA,14.76,3940,"Afternoon Run","0","Run","2020-11-21T22:50:56Z",NA,39.7
"580",0,1,NA,NA,0,NA,0,0,3720,NA,NA,4382015146,1,NA,0,3720,"Afternoon Yoga","0","Yoga","2020-11-19T23:26:00Z",NA,0
"581",6,2,NA,NA,10.6344,NA,0,12.3782,5682,273,258.5,4299483868,2,NA,20.16,4190,"Afternoon Run","1","Run","2020-11-06T23:50:30Z",NA,62.1
"582",0,1,NA,NA,0,NA,0,0,4200,NA,NA,4295126983,0,NA,0,4200,"Yoga with Mango 🐶❣️","0","Yoga","2020-11-05T23:30:00Z",NA,0
"583",4,1,NA,NA,11.8188,NA,0,7.5192,2530,280.4,258.5,4291943901,2,NA,17.28,2290,"Quick pre yoga run","0","Run","2020-11-05T22:18:10Z",NA,43.9
"584",5,2,NA,NA,10.9872,NA,0,14.5078,5056,273.1,257.1,4256408740,1,NA,15.84,4754,"Afternoon Run","0","Run","2020-10-28T21:38:34Z",NA,65.3
"585",6,1,NA,NA,12.5352,NA,0,7.5462,2427,280.5,258.5,4247823104,0,NA,15.48,2167,"Afternoon Run","2","Run","2020-10-26T22:09:56Z",NA,43.8
"586",0,2,NA,NA,11.7396,NA,0,7.9016,2983,313.9,260.9,4239049194,0,NA,21.96,2423,"Afternoon Run","0","Run","2020-10-24T21:59:40Z",NA,80.5
"587",3,2,NA,NA,11.3256,NA,0,9.6412,3503,273.4,257.9,4222110391,0,NA,19.08,3065,"Rainy run with friends","0","Run","2020-10-20T21:20:41Z",NA,25.3
"588",16,1,NA,NA,11.4012,NA,0,19.1158,6470,280.4,257.9,4213428906,1,NA,14.4,6036,"Lunch Run","5","Run","2020-10-18T17:54:01Z",NA,102.5
"589",3,1,NA,NA,12.312,NA,0,7.0517,2338,273.4,257.9,4200014395,1,NA,16.92,2062,"And again","1","Run","2020-10-15T21:09:28Z",NA,30.3
"590",4,1,NA,NA,11.5956,NA,0,5.6665,1926,280.3,259.9,4191505099,1,NA,18.36,1759,"Quick fartlek ","3","Run","2020-10-13T21:48:05Z",NA,50.9
"591",6,1,NA,NA,11.5884,NA,0,15.201,4895,285.8,257.5,4183059350,1,NA,16.56,4723,"Afternoon Run","3","Run","2020-10-11T19:39:29Z",NA,93.1
"592",10,1,NA,NA,11.0484,NA,0,8.3444,4061,278.9,259.1,4165366896,2,NA,18,2719,"Quick garden run","4","Run","2020-10-07T21:25:10Z",NA,46.1
"593",2,1,NA,NA,11.9016,NA,0,7.2531,2315,280.3,257.9,4079213868,2,NA,15.48,2194,"Afternoon Run","0","Run","2020-09-18T20:42:57Z",NA,47.7
"594",0,1,NA,NA,12.0348,NA,0,5.5399,2219,270.3,258.1,4065548524,1,NA,19.08,1657,"Short fartlek ","0","Run","2020-09-15T21:24:53Z",NA,12.2
"595",1,3,NA,NA,18.9756,NA,0,34.8706,7351,285.9,257.5,4056550866,0,NA,36.72,6616,"Afternoon Ride","0","Ride","2020-09-13T22:16:12Z",NA,127.5
"596",6,1,NA,NA,11.4444,NA,0,15.6544,5043,285.8,257.5,4032172010,1,NA,29.16,4925,"Back at it","2","Run","2020-09-08T21:00:06Z",NA,95.5
"597",3,1,NA,NA,12.5604,NA,0,6.4508,2400,271.2,258.3,3963156942,1,NA,23.4,1849,"Quick intervals","2","Run","2020-08-25T11:23:30Z",NA,15.7
"598",10,1,NA,NA,11.7792,NA,0,16.1928,5188,285.8,257.5,3954517193,0,NA,25.56,4949,"Morning Run","2","Run","2020-08-23T12:08:12Z",NA,94.5
"599",7,1,NA,NA,11.9844,NA,0,10.2359,3099,280.3,257.9,3940275440,0,NA,14.76,3075,"Morning Run","2","Run","2020-08-20T11:28:29Z",NA,50.7
"600",0,1,NA,NA,13.1832,NA,0,12.7445,4629,273.2,257.4,3938625581,1,NA,28.08,3480,"Will bike for ice cream","0","Ride","2020-08-20T00:40:47Z",NA,87.2
"601",3,1,NA,NA,12.1932,NA,0,6.6358,2246,271.1,258.1,3930466754,1,NA,19.08,1959,"Quick fartlek","0","Run","2020-08-18T11:43:22Z",NA,15.3
"602",22,1,NA,NA,11.7432,NA,1,24.2544,7437,280.3,257.8,3921655774,2,NA,16.2,7435,"Morning Run","15","Run","2020-08-16T11:48:43Z",NA,118.4
"603",5,2,NA,NA,12.0708,NA,0,8.7727,2668,269.3,257.9,3906938277,0,NA,16.2,2616,"Morning Run","2","Run","2020-08-13T12:11:40Z",NA,17.5
"604",6,1,NA,NA,12.2292,NA,0,9.6678,2977,273.4,257.8,3896946694,1,NA,16.56,2846,"Easy Run","2","Run","2020-08-11T11:21:53Z",NA,41.5
"605",4,2,NA,NA,11.4948,NA,0,10.4641,3858,285.8,257.5,3888694649,0,NA,15.84,3277,"Morning Run","0","Run","2020-08-09T14:59:37Z",NA,73.9
"606",6,1,NA,NA,12.6504,NA,0,11.307,3910,280.6,257.8,3872902720,1,NA,19.08,3218,"Speed Intervals","4","Run","2020-08-06T11:28:39Z",NA,45.8
"607",8,1,NA,NA,12.1932,NA,0,15.2965,4604,285.8,257.5,3862720118,2,NA,24.84,4516,"Morning Run","5","Run","2020-08-04T11:25:05Z",NA,89.6
"608",6,2,NA,NA,11.0952,NA,0,20.1339,6653,280.6,257.8,3854114527,4,NA,14.76,6533,"Morning Run","1","Run","2020-08-02T13:33:41Z",NA,103.8
"609",8,1,NA,NA,12.2544,NA,0,11.2765,3356,273.4,257.8,3837849390,1,NA,29.88,3313,"Morning Run","3","Run","2020-07-30T11:11:25Z",NA,46.1
"610",5,2,NA,NA,11.7108,NA,0,10.3057,6033,276.9,258.3,3826528391,3,NA,20.16,3168,"Fartleks again ","1","Run","2020-07-28T11:18:38Z",NA,47.1
"611",11,2,NA,NA,10.638,NA,0,17.1842,6066,285.8,257.5,3815006686,1,NA,17.28,5816,"Morning Run","1","Run","2020-07-26T12:30:27Z",NA,94.8
"612",0,4,NA,NA,19.0512,"25",0,30.6101,5982,262.4,242.6,3823891007,0,NA,37.44,5784,"Evening Ride","0","Ride","2020-07-24T00:31:37Z",NA,56
"613",6,1,NA,NA,12.0204,NA,0,9.579,2886,273.4,257.8,3804614625,1,NA,29.16,2869,"Morning Run","5","Run","2020-07-23T11:21:50Z",NA,38.6
"614",4,1,NA,NA,21.1212,NA,0,17.3959,3014,297.6,257.5,3802992644,0,NA,33.12,2965,"Afternoon Ride","1","Ride","2020-07-22T21:16:15Z",NA,90.3
"615",0,2,NA,NA,11.52,NA,0,8.2106,3700,276.9,257.9,3795105824,2,NA,22.32,2566,"Back to fartleks ","0","Run","2020-07-21T11:33:38Z",NA,45.2
"616",14,1,NA,NA,11.4084,NA,1,21.5265,7098,285.8,257.5,3785520994,4,NA,30.24,6792,"First half marathon!","9","Run","2020-07-19T11:21:10Z",NA,117.5
"617",12,1,NA,NA,12.2544,NA,0,11.1798,3806,280.4,258.8,3770533028,2,NA,20.52,3284,"Tempo Run","9","Run","2020-07-16T11:34:52Z",NA,48.7
"618",14,1,NA,NA,21.798,NA,0,27.944,4874,310.4,257.5,3765706502,0,NA,48.6,4615,"Morning Ride","2","Ride","2020-07-15T11:20:28Z",NA,188.8
"619",6,2,NA,NA,11.3616,NA,0,8.5521,2795,272.4,258.1,3760578103,0,NA,18.36,2710,"Morning Run","4","Run","2020-07-14T11:46:07Z",NA,45
"620",6,1,NA,NA,11.4984,NA,0,16.113,5087,285.8,257.5,3745570567,2,NA,16.56,5045,"Morning Run","3","Run","2020-07-11T11:25:05Z",NA,94
"621",22,1,NA,NA,22.446,NA,0,26.6975,4417,310.4,257.5,3740812691,2,NA,35.28,4282,"Morning Ride","5","Ride","2020-07-10T11:15:28Z",NA,157.9
"622",8,1,NA,NA,11.9916,NA,0,10.7873,3737,273.4,258.5,3736116455,2,NA,16.92,3238,"Morning Run","4","Run","2020-07-09T11:15:00Z",NA,56.8
"623",9,1,NA,NA,22.2084,NA,0,24.046,4076,310.4,257.5,3731351689,1,NA,37.8,3898,"Morning Ride","5","Ride","2020-07-08T11:04:21Z",NA,131.4
"624",11,1,NA,NA,11.736,NA,0,15.295,4919,274.2,257.8,3726567390,2,NA,15.84,4691,"Morning Run","1","Run","2020-07-07T11:28:10Z",NA,45.1
"625",0,1,NA,NA,0,NA,0,0,3000,NA,NA,3721496870,1,NA,0,3000,"Morning Yoga","0","Yoga","2020-07-06T11:23:50Z",NA,0
"626",1,4,NA,NA,20.358,NA,0,19.9114,3717,288.6,258.1,3713944244,1,NA,44.64,3521,"Afternoon Ride","0","Ride","2020-07-04T18:42:56Z",NA,121.2
"627",0,4,NA,NA,21.3084,NA,0,24.0263,4632,288.6,259.9,3713582184,1,NA,43.56,4059,"Lunch Ride","0","Ride","2020-07-04T16:52:36Z",NA,171.4
"628",5,1,NA,NA,11.9772,NA,0,7.2505,2240,274.2,257.8,3702188501,2,NA,16.56,2179,"Morning Run","0","Run","2020-07-02T11:18:39Z",NA,31.5
"629",9,1,NA,NA,11.7,NA,0,10.9979,3443,281.3,258.5,3692376802,1,NA,16.56,3384,"Morning Run","1","Run","2020-06-30T11:06:43Z",NA,34.6
"630",1,1,NA,NA,22.8636,NA,0,24.4119,3894,310.4,259.5,3687821092,3,NA,38.88,3844,"Morning Ride","1","Ride","2020-06-29T11:20:14Z",NA,119.3
"631",0,1,NA,NA,0,NA,0,0,3300,NA,NA,3685146959,0,NA,0,3300,"Afternoon Yoga","0","Yoga","2020-06-28T17:11:17Z",NA,0
"632",0,1,NA,NA,10.8468,NA,0,14.5029,4917,278.8,257.5,3683895479,1,NA,15.84,4813,"Morning Run","0","Run","2020-06-28T12:49:31Z",NA,71.7
"633",0,1,NA,NA,0,NA,0,0,3300,NA,NA,3680445156,0,NA,0,3300,"Afternoon Yoga","0","Yoga","2020-06-27T20:09:29Z",NA,0
"634",14,1,NA,NA,11.412,NA,0,12.8785,4140,294.4,260.2,3668830384,1,NA,15.84,4062,"Intervals again","1","Run","2020-06-25T11:15:20Z",NA,53.1
"635",9,1,NA,NA,11.502,NA,0,10.1373,3264,284.9,260.2,3658361239,1,NA,19.44,3173,"Fartlek time","1","Run","2020-06-23T11:32:48Z",NA,44.7
"636",7,1,NA,NA,11.7252,NA,0,10.2225,3151,273.4,257.9,3638087934,1,NA,15.12,3139,"Morning Run","1","Run","2020-06-19T11:24:10Z",NA,48.9
"637",0,1,NA,NA,0,NA,0,0,3300,NA,NA,3635994901,0,NA,0,3300,"Afternoon Yoga","0","Yoga","2020-06-18T21:37:02Z",NA,0
"638",6,2,NA,NA,10.7928,NA,0,8.2256,3989,277.5,259.5,3631912973,2,NA,15.84,2744,"Evening Run","0","Run","2020-06-18T00:17:45Z",NA,35.2
"639",0,1,NA,NA,0,NA,0,0,3300,NA,NA,3628423850,0,NA,0,3300,"Morning Yoga","0","Yoga","2020-06-17T11:16:35Z","27",0
"640",6,1,NA,NA,11.214,NA,1,9.6568,3370,280,259.5,3626251014,1,NA,21.24,3100,"Afternoon Run","0","Run","2020-06-16T21:59:23Z",NA,37.1
"641",0,1,NA,NA,12.1824,NA,0,5.1436,1520,273.4,257.9,3597469504,0,NA,16.2,1520,"Morning Run","0","Run","2020-06-11T12:11:40Z",NA,45.6
